From File,To File
alias.c,config.h
alias.h,hashlib.h
alias.h,include/stdc.h
array.c,config.h
array.h,include/stdc.h
arrayfunc.c,config.h
assoc.c,config.h
assoc.h,hashlib.h
assoc.h,include/stdc.h
bashansi.h,include/ansi_stdlib.h
bashhist.c,config.h
bashhist.h,include/stdc.h
bashintl.h,include/gettext.h
bashjmp.h,include/posixjmp.h
bashline.c,config.h
bashline.h,include/stdc.h
bracecomp.c,config.h
braces.c,config.h
builtins.h,command.h
builtins.h,config.h
builtins.h,general.h
builtins/bashgetopt.c,bashansi.h
builtins/bashgetopt.c,builtins/common.c
builtins/bashgetopt.c,builtins/common.h
builtins/bashgetopt.c,command.h
builtins/bashgetopt.c,config.h
builtins/bashgetopt.c,include/chartypes.h
builtins/bashgetopt.c,lib/sh/oslib.c
builtins/bashgetopt.c,shell.h
builtins/bashgetopt.h,include/stdc.h
builtins/common.c,bashansi.h
builtins/common.c,bashintl.h
builtins/common.c,bashjmp.h
builtins/common.c,bashtypes.h
builtins/common.c,builtext.h
builtins/common.c,builtins.h
builtins/common.c,builtins/bashgetopt.c
builtins/common.c,builtins/bashgetopt.h
builtins/common.c,builtins/common.h
builtins/common.c,builtins/mkbuiltins.c
builtins/common.c,command.h
builtins/common.c,config.h
builtins/common.c,copy_cmd.c
builtins/common.c,dispose_cmd.c
builtins/common.c,error.c
builtins/common.c,examples/loadables/mkdir.c
builtins/common.c,execute_cmd.c
builtins/common.c,execute_cmd.h
builtins/common.c,flags.c
builtins/common.c,flags.h
builtins/common.c,general.c
builtins/common.c,general.h
builtins/common.c,include/chartypes.h
builtins/common.c,include/gettext.h
builtins/common.c,include/maxpath.h
builtins/common.c,include/posixstat.h
builtins/common.c,include/stdc.h
builtins/common.c,input.h
builtins/common.c,jobs.h
builtins/common.c,lib/malloc/malloc.c
builtins/common.c,lib/sh/fpurge.c
builtins/common.c,lib/sh/getcwd.c
builtins/common.c,lib/sh/stringvec.c
builtins/common.c,lib/tilde/tilde.h
builtins/common.c,mksyntax.c
builtins/common.c,shell.c
builtins/common.c,shell.h
builtins/common.c,sig.c
builtins/common.c,trap.c
builtins/common.c,trap.h
builtins/common.c,variables.c
builtins/common.c,xmalloc.c
builtins/common.h,include/stdc.h
builtins/evalfile.c,bashansi.h
builtins/evalfile.c,bashintl.h
builtins/evalfile.c,bashjmp.h
builtins/evalfile.c,bashtypes.h
builtins/evalfile.c,builtins.h
builtins/evalfile.c,builtins/common.c
builtins/evalfile.c,builtins/common.h
builtins/evalfile.c,builtins/evalstring.c
builtins/evalfile.c,config.h
builtins/evalfile.c,error.c
builtins/evalfile.c,execute_cmd.c
builtins/evalfile.c,execute_cmd.h
builtins/evalfile.c,flags.h
builtins/evalfile.c,general.c
builtins/evalfile.c,general.h
builtins/evalfile.c,include/filecntl.h
builtins/evalfile.c,include/gettext.h
builtins/evalfile.c,include/posixjmp.h
builtins/evalfile.c,include/posixstat.h
builtins/evalfile.c,include/stdc.h
builtins/evalfile.c,include/typemax.h
builtins/evalfile.c,input.h
builtins/evalfile.c,jobs.h
builtins/evalfile.c,lib/malloc/malloc.c
builtins/evalfile.c,shell.c
builtins/evalfile.c,shell.h
builtins/evalfile.c,sig.c
builtins/evalfile.c,stringlib.c
builtins/evalfile.c,trap.c
builtins/evalfile.c,trap.h
builtins/evalfile.c,unwind_prot.c
builtins/evalfile.c,unwind_prot.h
builtins/evalfile.c,xmalloc.c
builtins/evalstring.c,bashansi.h
builtins/evalstring.c,bashintl.h
builtins/evalstring.c,bashjmp.h
builtins/evalstring.c,builtext.h
builtins/evalstring.c,builtins.h
builtins/evalstring.c,builtins/common.h
builtins/evalstring.c,command.h
builtins/evalstring.c,config-top.h
builtins/evalstring.c,config.h
builtins/evalstring.c,dispose_cmd.c
builtins/evalstring.c,error.c
builtins/evalstring.c,eval.c
builtins/evalstring.c,execute_cmd.c
builtins/evalstring.c,execute_cmd.h
builtins/evalstring.c,flags.c
builtins/evalstring.c,flags.h
builtins/evalstring.c,include/filecntl.h
builtins/evalstring.c,include/stdc.h
builtins/evalstring.c,input.h
builtins/evalstring.c,jobs.h
builtins/evalstring.c,lib/malloc/malloc.c
builtins/evalstring.c,lib/sh/zcatfd.c
builtins/evalstring.c,nojobs.c
builtins/evalstring.c,redir.c
builtins/evalstring.c,redir.h
builtins/evalstring.c,shell.c
builtins/evalstring.c,shell.h
builtins/evalstring.c,sig.c
builtins/evalstring.c,trap.c
builtins/evalstring.c,trap.h
builtins/evalstring.c,unwind_prot.c
builtins/evalstring.c,unwind_prot.h
builtins/evalstring.c,xmalloc.c
builtins/evalstring.c,y.tab.c
builtins/evalstring.c,y.tab.h
builtins/getopt.c,bashintl.h
builtins/getopt.c,builtins/getopt.h
builtins/getopt.c,config.h
builtins/getopt.c,include/gettext.h
builtins/getopt.c,include/memalloc.h
builtins/getopt.c,lib/sh/oslib.c
builtins/getopt.c,shell.h
builtins/getopt.h,include/stdc.h
builtins/mkbuiltins.c,bashansi.h
builtins/mkbuiltins.c,bashtypes.h
builtins/mkbuiltins.c,config.h
builtins/mkbuiltins.c,include/filecntl.h
builtins/mkbuiltins.c,include/posixstat.h
builtins/mkbuiltins.c,include/stdc.h
builtins/mkbuiltins.c,lib/malloc/malloc.c
builtins/psize.c,bashtypes.h
builtins/psize.c,command.h
builtins/psize.c,config.h
builtins/psize.c,general.h
builtins/psize.c,sig.h
command.h,include/stdc.h
config-bot.h,config-top.h
copy_cmd.c,bashtypes.h
copy_cmd.c,command.h
copy_cmd.c,config.h
copy_cmd.c,general.h
copy_cmd.c,list.c
copy_cmd.c,make_cmd.c
copy_cmd.c,shell.h
copy_cmd.c,xmalloc.c
CWRU/misc/errlist.c,mksyntax.c
CWRU/misc/hpux10-dlfcn.h,dl.h
CWRU/misc/open-files.c,lib/sh/oslib.c
CWRU/misc/open-files.c,sys/file.h
CWRU/misc/open-files.c,unistd.h
CWRU/misc/sigs.c,nojobs.c
CWRU/misc/sigs.c,siglist.c
CWRU/misc/sigstat.c,lib/malloc/malloc.c
CWRU/misc/sigstat.c,lib/sh/oslib.c
dispose_cmd.c,bashansi.h
dispose_cmd.c,bashtypes.h
dispose_cmd.c,command.h
dispose_cmd.c,config.h
dispose_cmd.c,error.c
dispose_cmd.c,general.h
dispose_cmd.c,include/ocache.h
dispose_cmd.c,lib/malloc/malloc.c
dispose_cmd.c,lib/sh/memset.c
dispose_cmd.c,make_cmd.c
dispose_cmd.c,shell.h
dispose_cmd.c,xmalloc.c
dispose_cmd.h,include/stdc.h
error.c,bashansi.h
error.c,bashintl.h
error.c,bashtypes.h
error.c,command.h
error.c,config.h
error.c,execute_cmd.c
error.c,flags.c
error.c,flags.h
error.c,general.c
error.c,general.h
error.c,include/gettext.h
error.c,include/stdc.h
error.c,input.h
error.c,mksyntax.c
error.c,shell.c
error.c,shell.h
error.c,variables.c
error.c,y.tab.c
error.h,include/stdc.h
eval.c,bashansi.h
eval.c,bashintl.h
eval.c,bashjmp.h
eval.c,builtins/common.c
eval.c,builtins/common.h
eval.c,command.h
eval.c,config.h
eval.c,dispose_cmd.c
eval.c,error.c
eval.c,execute_cmd.c
eval.c,execute_cmd.h
eval.c,flags.c
eval.c,flags.h
eval.c,include/gettext.h
eval.c,include/stdc.h
eval.c,input.h
eval.c,nojobs.c
eval.c,quit.h
eval.c,shell.c
eval.c,shell.h
eval.c,sig.c
eval.c,sig.h
eval.c,trap.c
eval.c,trap.h
eval.c,variables.c
eval.c,variables.h
eval.c,y.tab.c
examples/loadables/basename.c,builtins.h
examples/loadables/basename.c,builtins/common.c
examples/loadables/basename.c,builtins/common.h
examples/loadables/basename.c,command.h
examples/loadables/basename.c,config.h
examples/loadables/basename.c,shell.h
examples/loadables/cat.c,builtins.h
examples/loadables/cat.c,builtins/common.c
examples/loadables/cat.c,command.h
examples/loadables/cat.c,lib/malloc/malloc.c
examples/loadables/cat.c,mksyntax.c
examples/loadables/cat.c,shell.h
examples/loadables/cut.c,bashansi.h
examples/loadables/cut.c,builtins.h
examples/loadables/cut.c,builtins/bashgetopt.c
examples/loadables/cut.c,builtins/bashgetopt.h
examples/loadables/cut.c,builtins/common.c
examples/loadables/cut.c,builtins/common.h
examples/loadables/cut.c,command.h
examples/loadables/cut.c,config.h
examples/loadables/cut.c,lib/sh/memset.c
examples/loadables/cut.c,lib/sh/strtol.c
examples/loadables/cut.c,shell.h
examples/loadables/dirname.c,builtins.h
examples/loadables/dirname.c,builtins/common.c
examples/loadables/dirname.c,builtins/common.h
examples/loadables/dirname.c,command.h
examples/loadables/dirname.c,config.h
examples/loadables/dirname.c,shell.h
examples/loadables/finfo.c,bashansi.h
examples/loadables/finfo.c,builtins.h
examples/loadables/finfo.c,builtins/common.c
examples/loadables/finfo.c,builtins/common.h
examples/loadables/finfo.c,builtins/getopt.c
examples/loadables/finfo.c,command.h
examples/loadables/finfo.c,general.c
examples/loadables/finfo.c,grp.h
examples/loadables/finfo.c,include/posixstat.h
examples/loadables/finfo.c,include/posixtime.h
examples/loadables/finfo.c,lib/malloc/malloc.c
examples/loadables/finfo.c,mksyntax.c
examples/loadables/finfo.c,pwd.h
examples/loadables/finfo.c,shell.h
examples/loadables/getconf.c,bashansi.h
examples/loadables/getconf.c,builtins.h
examples/loadables/getconf.c,builtins/bashgetopt.c
examples/loadables/getconf.c,builtins/bashgetopt.h
examples/loadables/getconf.c,builtins/common.c
examples/loadables/getconf.c,builtins/common.h
examples/loadables/getconf.c,command.h
examples/loadables/getconf.c,examples/loadables/cut.c
examples/loadables/getconf.c,examples/loadables/getconf.h
examples/loadables/getconf.c,examples/loadables/pathchk.c
examples/loadables/getconf.c,general.h
examples/loadables/getconf.c,include/shmbutil.h
examples/loadables/getconf.c,include/stdc.h
examples/loadables/getconf.c,include/typemax.h
examples/loadables/getconf.c,lib/malloc/malloc.c
examples/loadables/getconf.c,list.c
examples/loadables/getconf.c,mksyntax.c
examples/loadables/getconf.c,shell.h
examples/loadables/getconf.c,xmalloc.c
examples/loadables/getconf.h,include/typemax.h
examples/loadables/head.c,bashansi.h
examples/loadables/head.c,bashtypes.h
examples/loadables/head.c,builtins.h
examples/loadables/head.c,builtins/bashgetopt.c
examples/loadables/head.c,builtins/bashgetopt.h
examples/loadables/head.c,builtins/common.c
examples/loadables/head.c,builtins/common.h
examples/loadables/head.c,command.h
examples/loadables/head.c,config.h
examples/loadables/head.c,include/chartypes.h
examples/loadables/head.c,include/filecntl.h
examples/loadables/head.c,include/posixstat.h
examples/loadables/head.c,make_cmd.c
examples/loadables/head.c,mksyntax.c
examples/loadables/head.c,shell.h
examples/loadables/hello.c,builtins.h
examples/loadables/hello.c,builtins/bashgetopt.h
examples/loadables/hello.c,command.h
examples/loadables/hello.c,config.h
examples/loadables/hello.c,shell.h
examples/loadables/id.c,bashansi.h
examples/loadables/id.c,bashtypes.h
examples/loadables/id.c,builtins.h
examples/loadables/id.c,builtins/bashgetopt.c
examples/loadables/id.c,builtins/bashgetopt.h
examples/loadables/id.c,builtins/common.c
examples/loadables/id.c,builtins/common.h
examples/loadables/id.c,command.h
examples/loadables/id.c,config.h
examples/loadables/id.c,general.c
examples/loadables/id.c,grp.h
examples/loadables/id.c,include/stdc.h
examples/loadables/id.c,pwd.h
examples/loadables/id.c,shell.c
examples/loadables/id.c,shell.h
examples/loadables/id.c,sys/param.h
examples/loadables/ln.c,bashtypes.h
examples/loadables/ln.c,builtins.h
examples/loadables/ln.c,builtins/bashgetopt.c
examples/loadables/ln.c,builtins/bashgetopt.h
examples/loadables/ln.c,builtins/common.c
examples/loadables/ln.c,builtins/common.h
examples/loadables/ln.c,command.h
examples/loadables/ln.c,config.h
examples/loadables/ln.c,general.h
examples/loadables/ln.c,include/posixstat.h
examples/loadables/ln.c,lib/malloc/malloc.c
examples/loadables/ln.c,lib/sh/oslib.c
examples/loadables/ln.c,mksyntax.c
examples/loadables/ln.c,shell.h
examples/loadables/ln.c,xmalloc.c
examples/loadables/logname.c,builtins.h
examples/loadables/logname.c,builtins/common.c
examples/loadables/logname.c,builtins/common.h
examples/loadables/logname.c,command.h
examples/loadables/logname.c,config.h
examples/loadables/logname.c,mksyntax.c
examples/loadables/logname.c,shell.h
examples/loadables/mkdir.c,bashansi.h
examples/loadables/mkdir.c,bashtypes.h
examples/loadables/mkdir.c,builtins.h
examples/loadables/mkdir.c,builtins/bashgetopt.c
examples/loadables/mkdir.c,builtins/bashgetopt.h
examples/loadables/mkdir.c,builtins/common.c
examples/loadables/mkdir.c,builtins/common.h
examples/loadables/mkdir.c,command.h
examples/loadables/mkdir.c,config.h
examples/loadables/mkdir.c,include/posixstat.h
examples/loadables/mkdir.c,lib/malloc/malloc.c
examples/loadables/mkdir.c,lib/sh/oslib.c
examples/loadables/mkdir.c,mksyntax.c
examples/loadables/mkdir.c,shell.h
examples/loadables/mkdir.c,xmalloc.c
examples/loadables/mypid.c,array.h
examples/loadables/mypid.c,builtins.h
examples/loadables/mypid.c,command.h
examples/loadables/mypid.c,general.h
examples/loadables/mypid.c,lib/malloc/malloc.c
examples/loadables/mypid.c,shell.h
examples/loadables/mypid.c,variables.c
examples/loadables/mypid.c,variables.h
examples/loadables/necho.c,builtins.h
examples/loadables/necho.c,command.h
examples/loadables/necho.c,print_cmd.c
examples/loadables/necho.c,shell.h
examples/loadables/pathchk.c,bashansi.h
examples/loadables/pathchk.c,builtins.h
examples/loadables/pathchk.c,builtins/bashgetopt.c
examples/loadables/pathchk.c,builtins/bashgetopt.h
examples/loadables/pathchk.c,builtins/common.c
examples/loadables/pathchk.c,builtins/common.h
examples/loadables/pathchk.c,command.h
examples/loadables/pathchk.c,config.h
examples/loadables/pathchk.c,include/maxpath.h
examples/loadables/pathchk.c,include/posixstat.h
examples/loadables/pathchk.c,include/stdc.h
examples/loadables/pathchk.c,lib/malloc/malloc.c
examples/loadables/pathchk.c,lib/sh/oslib.c
examples/loadables/pathchk.c,mksyntax.c
examples/loadables/pathchk.c,shell.h
examples/loadables/pathchk.c,xmalloc.c
examples/loadables/perl/bperl.c,builtins.h
examples/loadables/perl/bperl.c,builtins/common.c
examples/loadables/perl/bperl.c,command.h
examples/loadables/perl/bperl.c,config.h
examples/loadables/perl/bperl.c,examples/loadables/perl/iperl.c
examples/loadables/perl/bperl.c,lib/malloc/malloc.c
examples/loadables/perl/bperl.c,shell.h
examples/loadables/perl/bperl.c,variables.c
examples/loadables/perl/iperl.c,EXTERN.h
examples/loadables/perl/iperl.c,perl.h
examples/loadables/print.c,bashansi.h
examples/loadables/print.c,bashtypes.h
examples/loadables/print.c,builtext.h
examples/loadables/print.c,builtins.h
examples/loadables/print.c,builtins/bashgetopt.c
examples/loadables/print.c,builtins/bashgetopt.h
examples/loadables/print.c,builtins/common.c
examples/loadables/print.c,builtins/common.h
examples/loadables/print.c,command.h
examples/loadables/print.c,dispose_cmd.c
examples/loadables/print.c,include/stdc.h
examples/loadables/print.c,lib/malloc/malloc.c
examples/loadables/print.c,lib/sh/strtrans.c
examples/loadables/print.c,make_cmd.c
examples/loadables/print.c,shell.h
examples/loadables/printenv.c,builtins.h
examples/loadables/printenv.c,builtins/bashgetopt.c
examples/loadables/printenv.c,builtins/bashgetopt.h
examples/loadables/printenv.c,builtins/common.c
examples/loadables/printenv.c,builtins/common.h
examples/loadables/printenv.c,command.h
examples/loadables/printenv.c,config.h
examples/loadables/printenv.c,shell.h
examples/loadables/printenv.c,variables.c
examples/loadables/printenv.c,variables.h
examples/loadables/push.c,builtins.h
examples/loadables/push.c,builtins/bashgetopt.c
examples/loadables/push.c,builtins/bashgetopt.h
examples/loadables/push.c,builtins/common.c
examples/loadables/push.c,builtins/common.h
examples/loadables/push.c,command.h
examples/loadables/push.c,config.h
examples/loadables/push.c,eval.c
examples/loadables/push.c,execute_cmd.c
examples/loadables/push.c,jobs.c
examples/loadables/push.c,jobs.h
examples/loadables/push.c,mksyntax.c
examples/loadables/push.c,nojobs.c
examples/loadables/push.c,shell.c
examples/loadables/push.c,shell.h
examples/loadables/push.c,variables.c
examples/loadables/realpath.c,bashansi.h
examples/loadables/realpath.c,builtins.h
examples/loadables/realpath.c,builtins/bashgetopt.c
examples/loadables/realpath.c,builtins/bashgetopt.h
examples/loadables/realpath.c,builtins/common.c
examples/loadables/realpath.c,builtins/common.h
examples/loadables/realpath.c,command.h
examples/loadables/realpath.c,config.h
examples/loadables/realpath.c,include/maxpath.h
examples/loadables/realpath.c,lib/sh/pathphys.c
examples/loadables/realpath.c,mksyntax.c
examples/loadables/realpath.c,shell.h
examples/loadables/rmdir.c,builtins.h
examples/loadables/rmdir.c,builtins/common.c
examples/loadables/rmdir.c,builtins/common.h
examples/loadables/rmdir.c,command.h
examples/loadables/rmdir.c,config.h
examples/loadables/rmdir.c,mksyntax.c
examples/loadables/rmdir.c,shell.h
examples/loadables/sleep.c,bashtypes.h
examples/loadables/sleep.c,builtins.h
examples/loadables/sleep.c,builtins/common.c
examples/loadables/sleep.c,builtins/common.h
examples/loadables/sleep.c,command.h
examples/loadables/sleep.c,config.h
examples/loadables/sleep.c,include/chartypes.h
examples/loadables/sleep.c,lib/sh/uconvert.c
examples/loadables/sleep.c,lib/sh/ufuncs.c
examples/loadables/sleep.c,shell.h
examples/loadables/strftime.c,bashtypes.h
examples/loadables/strftime.c,builtins.h
examples/loadables/strftime.c,builtins/common.c
examples/loadables/strftime.c,builtins/common.h
examples/loadables/strftime.c,command.h
examples/loadables/strftime.c,config.h
examples/loadables/strftime.c,general.h
examples/loadables/strftime.c,include/posixtime.h
examples/loadables/strftime.c,lib/malloc/malloc.c
examples/loadables/strftime.c,lib/sh/strftime.c
examples/loadables/strftime.c,shell.h
examples/loadables/strftime.c,xmalloc.c
examples/loadables/sync.c,builtins.h
examples/loadables/sync.c,builtins/bashgetopt.h
examples/loadables/sync.c,command.h
examples/loadables/sync.c,config.h
examples/loadables/sync.c,shell.h
examples/loadables/tee.c,bashansi.h
examples/loadables/tee.c,bashtypes.h
examples/loadables/tee.c,builtins.h
examples/loadables/tee.c,builtins/bashgetopt.c
examples/loadables/tee.c,builtins/bashgetopt.h
examples/loadables/tee.c,builtins/common.c
examples/loadables/tee.c,builtins/common.h
examples/loadables/tee.c,command.h
examples/loadables/tee.c,config.h
examples/loadables/tee.c,include/filecntl.h
examples/loadables/tee.c,include/posixstat.h
examples/loadables/tee.c,lib/malloc/malloc.c
examples/loadables/tee.c,mksyntax.c
examples/loadables/tee.c,shell.h
examples/loadables/tee.c,sig.c
examples/loadables/tee.c,xmalloc.c
examples/loadables/template.c,bashansi.h
examples/loadables/template.c,builtins.h
examples/loadables/template.c,builtins/bashgetopt.c
examples/loadables/template.c,builtins/bashgetopt.h
examples/loadables/template.c,builtins/common.c
examples/loadables/template.c,command.h
examples/loadables/template.c,config.h
examples/loadables/template.c,shell.h
examples/loadables/truefalse.c,bashtypes.h
examples/loadables/truefalse.c,builtins.h
examples/loadables/truefalse.c,builtins/common.h
examples/loadables/truefalse.c,command.h
examples/loadables/truefalse.c,config.h
examples/loadables/truefalse.c,shell.h
examples/loadables/tty.c,builtins.h
examples/loadables/tty.c,builtins/bashgetopt.c
examples/loadables/tty.c,builtins/bashgetopt.h
examples/loadables/tty.c,builtins/common.c
examples/loadables/tty.c,builtins/common.h
examples/loadables/tty.c,command.h
examples/loadables/tty.c,config.h
examples/loadables/tty.c,shell.h
examples/loadables/uname.c,bashtypes.h
examples/loadables/uname.c,builtins.h
examples/loadables/uname.c,builtins/bashgetopt.c
examples/loadables/uname.c,builtins/bashgetopt.h
examples/loadables/uname.c,builtins/common.c
examples/loadables/uname.c,builtins/common.h
examples/loadables/uname.c,command.h
examples/loadables/uname.c,config.h
examples/loadables/uname.c,shell.h
examples/loadables/unlink.c,builtins.h
examples/loadables/unlink.c,builtins/common.c
examples/loadables/unlink.c,builtins/common.h
examples/loadables/unlink.c,command.h
examples/loadables/unlink.c,config.h
examples/loadables/unlink.c,mksyntax.c
examples/loadables/unlink.c,shell.h
examples/loadables/whoami.c,builtins.h
examples/loadables/whoami.c,builtins/bashgetopt.c
examples/loadables/whoami.c,builtins/bashgetopt.h
examples/loadables/whoami.c,builtins/common.c
examples/loadables/whoami.c,builtins/common.h
examples/loadables/whoami.c,command.h
examples/loadables/whoami.c,config.h
examples/loadables/whoami.c,shell.c
examples/loadables/whoami.c,shell.h
execute_cmd.c,bashansi.h
execute_cmd.c,bashintl.h
execute_cmd.c,bashjmp.h
execute_cmd.c,bashtypes.h
execute_cmd.c,builtins.h
execute_cmd.c,builtins/builtext.h
execute_cmd.c,builtins/common.c
execute_cmd.c,builtins/common.h
execute_cmd.c,builtins/evalfile.c
execute_cmd.c,builtins/evalstring.c
execute_cmd.c,builtins/mkbuiltins.c
execute_cmd.c,command.h
execute_cmd.c,config-top.h
execute_cmd.c,config.h
execute_cmd.c,copy_cmd.c
execute_cmd.c,dispose_cmd.c
execute_cmd.c,error.c
execute_cmd.c,execute_cmd.h
execute_cmd.c,findcmd.c
execute_cmd.c,findcmd.h
execute_cmd.c,flags.c
execute_cmd.c,flags.h
execute_cmd.c,general.c
execute_cmd.c,general.h
execute_cmd.c,hashcmd.h
execute_cmd.c,hashlib.h
execute_cmd.c,include/chartypes.h
execute_cmd.c,include/filecntl.h
execute_cmd.c,include/gettext.h
execute_cmd.c,include/memalloc.h
execute_cmd.c,include/posixjmp.h
execute_cmd.c,include/posixstat.h
execute_cmd.c,include/posixtime.h
execute_cmd.c,include/stdc.h
execute_cmd.c,jobs.h
execute_cmd.c,lib/glob/strmatch.c
execute_cmd.c,lib/glob/strmatch.h
execute_cmd.c,lib/malloc/malloc.c
execute_cmd.c,lib/sh/fpurge.c
execute_cmd.c,lib/sh/memset.c
execute_cmd.c,lib/sh/oslib.c
execute_cmd.c,lib/sh/stringvec.c
execute_cmd.c,lib/sh/strtrans.c
execute_cmd.c,lib/tilde/tilde.h
execute_cmd.c,make_cmd.c
execute_cmd.c,mksyntax.c
execute_cmd.c,nojobs.c
execute_cmd.c,pathexp.c
execute_cmd.c,pathexp.h
execute_cmd.c,print_cmd.c
execute_cmd.c,quit.h
execute_cmd.c,redir.c
execute_cmd.c,redir.h
execute_cmd.c,shell.c
execute_cmd.c,shell.h
execute_cmd.c,sig.c
execute_cmd.c,sig.h
execute_cmd.c,stringlib.c
execute_cmd.c,subst.c
execute_cmd.c,sys/param.h
execute_cmd.c,trap.c
execute_cmd.c,trap.h
execute_cmd.c,unwind_prot.c
execute_cmd.c,unwind_prot.h
execute_cmd.c,variables.c
execute_cmd.c,variables.h
execute_cmd.c,xmalloc.c
execute_cmd.c,y.tab.c
execute_cmd.c,y.tab.h
execute_cmd.h,include/stdc.h
expr.c,array.h
expr.c,bashansi.h
expr.c,bashintl.h
expr.c,bashjmp.h
expr.c,builtins/mkbuiltins.c
expr.c,config.h
expr.c,error.c
expr.c,execute_cmd.c
expr.c,flags.c
expr.c,general.h
expr.c,include/chartypes.h
expr.c,include/gettext.h
expr.c,include/posixjmp.h
expr.c,lib/malloc/malloc.c
expr.c,lib/sh/mbschr.c
expr.c,shell.c
expr.c,shell.h
expr.c,sig.c
expr.c,variables.c
expr.c,variables.h
expr.c,xmalloc.c
externs.h,execute_cmd.c
externs.h,include/stdc.h
externs.h,lib/intl/os2compat.h
externs.h,redir.c
externs.h,shell.c
externs.h,variables.c
externs.h,y.tab.c
findcmd.c,bashansi.h
findcmd.c,bashtypes.h
findcmd.c,config.h
findcmd.c,findcmd.h
findcmd.c,flags.c
findcmd.c,flags.h
findcmd.c,general.c
findcmd.c,general.h
findcmd.c,hashcmd.c
findcmd.c,hashcmd.h
findcmd.c,hashlib.h
findcmd.c,include/chartypes.h
findcmd.c,include/filecntl.h
findcmd.c,include/memalloc.h
findcmd.c,include/posixstat.h
findcmd.c,lib/malloc/malloc.c
findcmd.c,lib/sh/makepath.c
findcmd.c,lib/sh/stringvec.c
findcmd.c,pathexp.h
findcmd.c,quit.h
findcmd.c,shell.c
findcmd.c,shell.h
findcmd.c,sig.c
findcmd.c,variables.c
findcmd.c,variables.h
findcmd.c,xmalloc.c
findcmd.h,include/stdc.h
flags.c,config.h
flags.c,flags.h
flags.c,shell.c
flags.c,shell.h
flags.c,xmalloc.c
flags.h,include/stdc.h
general.c,bashansi.h
general.c,bashintl.h
general.c,bashtypes.h
general.c,builtins/mkbuiltins.c
general.c,command.h
general.c,config.h
general.c,error.c
general.c,externs.h
general.c,flags.c
general.c,general.h
general.c,include/chartypes.h
general.c,include/filecntl.h
general.c,include/gettext.h
general.c,include/posixstat.h
general.c,lib/malloc/malloc.c
general.c,lib/sh/makepath.c
general.c,lib/sh/mbschr.c
general.c,lib/sh/oslib.c
general.c,lib/sh/stringvec.c
general.c,lib/tilde/tilde.c
general.c,lib/tilde/tilde.h
general.c,shell.c
general.c,shell.h
general.c,sig.c
general.c,stringlib.c
general.c,syntax.h
general.c,sys/param.h
general.c,test.h
general.c,variables.c
general.c,xmalloc.c
general.c,y.tab.c
general.h,bashtypes.h
general.h,include/chartypes.h
general.h,include/posixstat.h
general.h,include/stdc.h
general.h,strings.h
general.h,xmalloc.h
hashcmd.c,bashansi.h
hashcmd.c,bashtypes.h
hashcmd.c,config.h
hashcmd.c,findcmd.c
hashcmd.c,findcmd.h
hashcmd.c,flags.c
hashcmd.c,general.c
hashcmd.c,hashcmd.h
hashcmd.c,hashlib.c
hashcmd.c,hashlib.h
hashcmd.c,include/posixstat.h
hashcmd.c,lib/malloc/malloc.c
hashcmd.c,lib/sh/oslib.c
hashcmd.c,shell.h
hashcmd.c,xmalloc.c
hashcmd.h,hashlib.h
hashcmd.h,include/stdc.h
hashlib.c,bashansi.h
hashlib.c,config.h
hashlib.c,general.h
hashlib.c,hashlib.h
hashlib.c,lib/malloc/malloc.c
hashlib.c,shell.h
hashlib.c,xmalloc.c
hashlib.h,include/stdc.h
include/chartypes.h,syntax.h
include/filecntl.h,lib/readline/histfile.c
include/maxpath.h,examples/loadables/pathchk.c
include/maxpath.h,lib/intl/dcigettext.c
include/posixwait.h,include/unionwait.h
include/shmbutil.h,config.h
include/shmbutil.h,include/stdc.h
include/shtty.h,config-bot.h
include/shtty.h,include/stdc.h
include/shtty.h,sgtty.h
include/systimes.h,include/stdc.h
include/typemax.h,general.h
input.c,bashansi.h
input.c,bashintl.h
input.c,bashtypes.h
input.c,command.h
input.c,config-top.h
input.c,config.h
input.c,error.c
input.c,error.h
input.c,externs.h
input.c,general.h
input.c,include/filecntl.h
input.c,include/gettext.h
input.c,include/posixstat.h
input.c,input.h
input.c,lib/readline/shell.c
input.c,quit.h
input.c,sig.c
input.h,config-top.h
input.h,general.h
input.h,include/stdc.h
jobs.c,bashansi.h
jobs.c,bashintl.h
jobs.c,bashtypes.h
jobs.c,builtins/builtext.h
jobs.c,builtins/common.c
jobs.c,builtins/common.h
jobs.c,builtins/evalfile.c
jobs.c,builtins/evalstring.c
jobs.c,command.h
jobs.c,config-top.h
jobs.c,config.h
jobs.c,dispose_cmd.c
jobs.c,error.c
jobs.c,execute_cmd.c
jobs.c,execute_cmd.h
jobs.c,flags.c
jobs.c,flags.h
jobs.c,general.c
jobs.c,general.h
jobs.c,include/filecntl.h
jobs.c,include/gettext.h
jobs.c,include/posixjmp.h
jobs.c,include/posixtime.h
jobs.c,include/posixwait.h
jobs.c,include/shtty.h
jobs.c,include/unionwait.h
jobs.c,jobs.h
jobs.c,lib/malloc/malloc.c
jobs.c,lib/sh/getcwd.c
jobs.c,lib/sh/oslib.c
jobs.c,lib/sh/winsize.c
jobs.c,list.c
jobs.c,nojobs.c
jobs.c,quit.h
jobs.c,shell.c
jobs.c,shell.h
jobs.c,sig.c
jobs.c,sig.h
jobs.c,siglist.c
jobs.c,subst.c
jobs.c,sys/ioctl.h
jobs.c,sys/param.h
jobs.c,trap.c
jobs.c,trap.h
jobs.c,unwind_prot.c
jobs.c,unwind_prot.h
jobs.c,variables.c
jobs.c,xmalloc.c
jobs.c,y.tab.c
jobs.h,include/posixwait.h
jobs.h,include/stdc.h
jobs.h,include/unionwait.h
jobs.h,quit.h
jobs.h,siglist.h
lib/glob/collsyms.h,lib/glob/glob.c
lib/glob/collsyms.h,lib/glob/smatch.c
lib/glob/glob.c,bashansi.h
lib/glob/glob.c,bashtypes.h
lib/glob/glob.c,config.h
lib/glob/glob.c,externs.h
lib/glob/glob.c,general.h
lib/glob/glob.c,include/filecntl.h
lib/glob/glob.c,include/memalloc.h
lib/glob/glob.c,include/shmbutil.h
lib/glob/glob.c,include/stdc.h
lib/glob/glob.c,lib/glob/glob.h
lib/glob/glob.c,lib/glob/glob_loop.c
lib/glob/glob.c,lib/glob/ndir.h
lib/glob/glob.c,lib/glob/strmatch.c
lib/glob/glob.c,lib/glob/strmatch.h
lib/glob/glob.c,lib/malloc/alloca.c
lib/glob/glob.c,lib/malloc/malloc.c
lib/glob/glob.c,lib/readline/posixdir.h
lib/glob/glob.c,lib/readline/posixstat.h
lib/glob/glob.c,lib/readline/xmalloc.h
lib/glob/glob.c,lib/sh/eaccess.c
lib/glob/glob.c,lib/sh/fnxform.c
lib/glob/glob.c,lib/sh/makepath.c
lib/glob/glob.c,lib/sh/oslib.c
lib/glob/glob.c,pathexp.c
lib/glob/glob.c,quit.h
lib/glob/glob.c,shell.h
lib/glob/glob.c,sig.c
lib/glob/glob.h,include/stdc.h
lib/glob/gmisc.c,bashansi.h
lib/glob/gmisc.c,bashtypes.h
lib/glob/gmisc.c,config.h
lib/glob/gmisc.c,include/shmbutil.h
lib/glob/gmisc.c,include/stdc.h
lib/glob/smatch.c,bashansi.h
lib/glob/smatch.c,config.h
lib/glob/smatch.c,include/chartypes.h
lib/glob/smatch.c,include/shmbutil.h
lib/glob/smatch.c,lib/glob/collsyms.h
lib/glob/smatch.c,lib/glob/sm_loop.c
lib/glob/smatch.c,lib/glob/strmatch.h
lib/glob/smatch.c,lib/readline/xmalloc.h
lib/glob/strmatch.c,config.h
lib/glob/strmatch.c,include/stdc.h
lib/glob/strmatch.c,lib/glob/smatch.c
lib/glob/strmatch.c,lib/glob/strmatch.h
lib/glob/strmatch.h,config.h
lib/glob/strmatch.h,include/stdc.h
lib/glob/xmbsrtowcs.c,bashansi.h
lib/glob/xmbsrtowcs.c,config.h
lib/glob/xmbsrtowcs.c,include/shmbutil.h
lib/intl/bindtextdom.c,lib/intl/dcigettext.c
lib/intl/bindtextdom.c,lib/intl/gettextP.h
lib/intl/bindtextdom.c,lib/intl/loadmsgcat.c
lib/intl/bindtextdom.c,lib/intl/os2compat.c
lib/intl/bindtextdom.c,lib/malloc/malloc.c
lib/intl/bindtextdom.c,libgnuintl.h
lib/intl/dcgettext.c,lib/intl/dcigettext.c
lib/intl/dcgettext.c,lib/intl/gettextP.h
lib/intl/dcgettext.c,libgnuintl.h
lib/intl/dcigettext.c,lib/intl/eval-plural.h
lib/intl/dcigettext.c,lib/intl/finddomain.c
lib/intl/dcigettext.c,lib/intl/gettextP.h
lib/intl/dcigettext.c,lib/intl/gmo.h
lib/intl/dcigettext.c,lib/intl/hash-string.h
lib/intl/dcigettext.c,lib/intl/loadinfo.h
lib/intl/dcigettext.c,lib/intl/loadmsgcat.c
lib/intl/dcigettext.c,lib/intl/localename.c
lib/intl/dcigettext.c,lib/intl/log.c
lib/intl/dcigettext.c,lib/intl/plural-exp.h
lib/intl/dcigettext.c,lib/malloc/malloc.c
lib/intl/dcigettext.c,lib/sh/oslib.c
lib/intl/dcigettext.c,libgnuintl.h
lib/intl/dcngettext.c,lib/intl/dcigettext.c
lib/intl/dcngettext.c,lib/intl/gettextP.h
lib/intl/dcngettext.c,libgnuintl.h
lib/intl/dgettext.c,lib/intl/gettextP.h
lib/intl/dgettext.c,libgnuintl.h
lib/intl/dngettext.c,lib/intl/gettextP.h
lib/intl/dngettext.c,libgnuintl.h
lib/intl/eval-plural.h,lib/intl/dcigettext.c
lib/intl/eval-plural.h,lib/intl/loadinfo.h
lib/intl/eval-plural.h,lib/intl/plural-exp.h
lib/intl/explodename.c,lib/intl/l10nflist.c
lib/intl/explodename.c,lib/intl/loadinfo.h
lib/intl/explodename.c,lib/malloc/malloc.c
lib/intl/explodename.c,lib/sh/oslib.c
lib/intl/finddomain.c,lib/intl/explodename.c
lib/intl/finddomain.c,lib/intl/gettextP.h
lib/intl/finddomain.c,lib/intl/l10nflist.c
lib/intl/finddomain.c,lib/intl/loadinfo.h
lib/intl/finddomain.c,lib/intl/loadmsgcat.c
lib/intl/finddomain.c,lib/intl/localealias.c
lib/intl/finddomain.c,lib/malloc/malloc.c
lib/intl/finddomain.c,libgnuintl.h
lib/intl/gettext.c,lib/intl/gettextP.h
lib/intl/gettext.c,libgnuintl.h
lib/intl/gettextP.h,lib/intl/gmo.h
lib/intl/gettextP.h,lib/intl/loadinfo.h
lib/intl/gettextP.h,lib/intl/plural-exp.h
lib/intl/gettextP.h,libgnuintl.h
lib/intl/intl-compat.c,lib/intl/bindtextdom.c
lib/intl/intl-compat.c,lib/intl/dcgettext.c
lib/intl/intl-compat.c,lib/intl/dcngettext.c
lib/intl/intl-compat.c,lib/intl/dgettext.c
lib/intl/intl-compat.c,lib/intl/dngettext.c
lib/intl/intl-compat.c,lib/intl/gettext.c
lib/intl/intl-compat.c,lib/intl/gettextP.h
lib/intl/intl-compat.c,lib/intl/ngettext.c
lib/intl/intl-compat.c,lib/intl/textdomain.c
lib/intl/l10nflist.c,lib/intl/loadinfo.h
lib/intl/l10nflist.c,lib/malloc/malloc.c
lib/intl/l10nflist.c,lib/sh/oslib.c
lib/intl/loadmsgcat.c,lib/intl/dcigettext.c
lib/intl/loadmsgcat.c,lib/intl/gettextP.h
lib/intl/loadmsgcat.c,lib/intl/gmo.h
lib/intl/loadmsgcat.c,lib/intl/hash-string.h
lib/intl/loadmsgcat.c,lib/intl/loadinfo.h
lib/intl/loadmsgcat.c,lib/intl/plural-exp.c
lib/intl/loadmsgcat.c,lib/intl/plural-exp.h
lib/intl/loadmsgcat.c,lib/malloc/malloc.c
lib/intl/loadmsgcat.c,lib/readline/histfile.c
lib/intl/localcharset.c,lib/intl/eval-plural.h
lib/intl/localcharset.c,lib/intl/localcharset.h
lib/intl/localcharset.c,strings.h
lib/intl/localealias.c,lib/intl/gettextP.h
lib/intl/localealias.c,lib/intl/loadinfo.h
lib/intl/localealias.c,lib/intl/os2compat.h
lib/intl/localealias.c,lib/malloc/malloc.c
lib/intl/localealias.c,lib/sh/oslib.c
lib/intl/log.c,lib/malloc/malloc.c
lib/intl/ngettext.c,lib/intl/gettextP.h
lib/intl/ngettext.c,libgnuintl.h
lib/intl/os2compat.c,sys/param.h
lib/intl/os2compat.h,lib/intl/os2compat.c
lib/intl/plural-exp.c,lib/intl/loadinfo.h
lib/intl/plural-exp.c,lib/intl/plural-exp.h
lib/intl/plural-exp.c,lib/intl/plural.c
lib/intl/plural-exp.c,lib/sh/strstr.c
lib/intl/plural-exp.h,lib/intl/gettextP.h
lib/intl/plural-exp.h,lib/intl/loadinfo.h
lib/intl/plural.c,lib/intl/loadinfo.h
lib/intl/plural.c,lib/intl/plural-exp.h
lib/intl/plural.c,lib/malloc/malloc.c
lib/intl/relocatable.c,lib/intl/relocatable.h
lib/intl/textdomain.c,lib/intl/dcigettext.c
lib/intl/textdomain.c,lib/intl/gettextP.h
lib/intl/textdomain.c,lib/intl/loadmsgcat.c
lib/intl/textdomain.c,lib/malloc/malloc.c
lib/intl/textdomain.c,libgnuintl.h
lib/malloc/alloca.c,bashtypes.h
lib/malloc/alloca.c,lib/malloc/malloc.c
lib/malloc/alloca.c,xmalloc.c
lib/malloc/getpagesize.h,sys/param.h
lib/malloc/malloc.c,include/stdc.h
lib/malloc/malloc.c,lib/malloc/getpagesize.h
lib/malloc/malloc.c,lib/malloc/imalloc.h
lib/malloc/malloc.c,lib/sh/memset.c
lib/malloc/malloc.c,strings.h
lib/malloc/mstats.h,lib/malloc/imalloc.h
lib/malloc/stats.c,lib/malloc/imalloc.h
lib/malloc/table.c,lib/malloc/imalloc.h
lib/malloc/table.c,lib/malloc/malloc.c
lib/malloc/table.c,lib/malloc/table.h
lib/malloc/table.h,lib/malloc/imalloc.h
lib/malloc/trace.c,lib/malloc/imalloc.h
lib/malloc/trace.c,lib/malloc/malloc.c
lib/malloc/watch.c,lib/malloc/imalloc.h
lib/malloc/watch.h,lib/malloc/imalloc.h
lib/malloc/xmalloc.c,lib/malloc/malloc.c
lib/malloc/xmalloc.c,lib/readline/ansi_stdlib.h
lib/readline/bind.c,builtins/mkbuiltins.c
lib/readline/bind.c,examples/loadables/mkdir.c
lib/readline/bind.c,lib/malloc/malloc.c
lib/readline/bind.c,lib/readline/ansi_stdlib.h
lib/readline/bind.c,lib/readline/chardefs.h
lib/readline/bind.c,lib/readline/complete.c
lib/readline/bind.c,lib/readline/display.c
lib/readline/bind.c,lib/readline/emacs_keymap.c
lib/readline/bind.c,lib/readline/funmap.c
lib/readline/bind.c,lib/readline/history.c
lib/readline/bind.c,lib/readline/history.h
lib/readline/bind.c,lib/readline/isearch.c
lib/readline/bind.c,lib/readline/keymaps.c
lib/readline/bind.c,lib/readline/keymaps.h
lib/readline/bind.c,lib/readline/mbutil.c
lib/readline/bind.c,lib/readline/misc.c
lib/readline/bind.c,lib/readline/parens.c
lib/readline/bind.c,lib/readline/posixstat.h
lib/readline/bind.c,lib/readline/readline.c
lib/readline/bind.c,lib/readline/readline.h
lib/readline/bind.c,lib/readline/rlconf.h
lib/readline/bind.c,lib/readline/rldefs.h
lib/readline/bind.c,lib/readline/rlprivate.h
lib/readline/bind.c,lib/readline/rlshell.h
lib/readline/bind.c,lib/readline/rltypedefs.h
lib/readline/bind.c,lib/readline/signals.c
lib/readline/bind.c,lib/readline/terminal.c
lib/readline/bind.c,lib/readline/text.c
lib/readline/bind.c,lib/readline/util.c
lib/readline/bind.c,lib/readline/vi_keymap.c
lib/readline/bind.c,lib/readline/vi_mode.c
lib/readline/bind.c,lib/readline/xmalloc.h
lib/readline/bind.c,lib/sh/oslib.c
lib/readline/bind.c,lib/tilde/tilde.c
lib/readline/bind.c,variables.c
lib/readline/bind.c,xmalloc.c
lib/readline/callback.c,lib/readline/ansi_stdlib.h
lib/readline/callback.c,lib/readline/display.c
lib/readline/callback.c,lib/readline/input.c
lib/readline/callback.c,lib/readline/isearch.c
lib/readline/callback.c,lib/readline/misc.c
lib/readline/callback.c,lib/readline/posixjmp.h
lib/readline/callback.c,lib/readline/readline.c
lib/readline/callback.c,lib/readline/readline.h
lib/readline/callback.c,lib/readline/rlconf.h
lib/readline/callback.c,lib/readline/rldefs.h
lib/readline/callback.c,lib/readline/rlprivate.h
lib/readline/callback.c,lib/readline/rltty.c
lib/readline/callback.c,lib/readline/rltypedefs.h
lib/readline/callback.c,lib/readline/search.c
lib/readline/callback.c,lib/readline/signals.c
lib/readline/callback.c,lib/readline/util.c
lib/readline/callback.c,lib/readline/vi_mode.c
lib/readline/callback.c,lib/readline/xmalloc.h
lib/readline/callback.c,xmalloc.c
lib/readline/compat.c,lib/readline/complete.c
lib/readline/compat.c,lib/readline/misc.c
lib/readline/compat.c,lib/readline/rlstdc.h
lib/readline/compat.c,lib/readline/rltypedefs.h
lib/readline/compat.c,lib/readline/terminal.c
lib/readline/compat.c,lib/readline/undo.c
lib/readline/compat.c,lib/readline/util.c
lib/readline/complete.c,lib/glob/ndir.h
lib/readline/complete.c,lib/malloc/malloc.c
lib/readline/complete.c,lib/readline/ansi_stdlib.h
lib/readline/complete.c,lib/readline/chardefs.h
lib/readline/complete.c,lib/readline/display.c
lib/readline/complete.c,lib/readline/input.c
lib/readline/complete.c,lib/readline/posixdir.h
lib/readline/complete.c,lib/readline/posixstat.h
lib/readline/complete.c,lib/readline/readline.c
lib/readline/complete.c,lib/readline/readline.h
lib/readline/complete.c,lib/readline/rlconf.h
lib/readline/complete.c,lib/readline/rldefs.h
lib/readline/complete.c,lib/readline/rlmbutil.h
lib/readline/complete.c,lib/readline/rlprivate.h
lib/readline/complete.c,lib/readline/rltypedefs.h
lib/readline/complete.c,lib/readline/signals.c
lib/readline/complete.c,lib/readline/terminal.c
lib/readline/complete.c,lib/readline/text.c
lib/readline/complete.c,lib/readline/undo.c
lib/readline/complete.c,lib/readline/util.c
lib/readline/complete.c,lib/readline/xmalloc.h
lib/readline/complete.c,lib/sh/oslib.c
lib/readline/complete.c,lib/tilde/tilde.c
lib/readline/complete.c,xmalloc.c
lib/readline/display.c,lib/malloc/malloc.c
lib/readline/display.c,lib/readline/ansi_stdlib.h
lib/readline/display.c,lib/readline/chardefs.h
lib/readline/display.c,lib/readline/history.c
lib/readline/display.c,lib/readline/history.h
lib/readline/display.c,lib/readline/mbutil.c
lib/readline/display.c,lib/readline/posixstat.h
lib/readline/display.c,lib/readline/readline.c
lib/readline/display.c,lib/readline/readline.h
lib/readline/display.c,lib/readline/rlconf.h
lib/readline/display.c,lib/readline/rldefs.h
lib/readline/display.c,lib/readline/rlmbutil.h
lib/readline/display.c,lib/readline/rlprivate.h
lib/readline/display.c,lib/readline/rltty.c
lib/readline/display.c,lib/readline/rltypedefs.h
lib/readline/display.c,lib/readline/signals.c
lib/readline/display.c,lib/readline/tcap.h
lib/readline/display.c,lib/readline/terminal.c
lib/readline/display.c,lib/readline/undo.c
lib/readline/display.c,lib/readline/util.c
lib/readline/display.c,lib/readline/xmalloc.h
lib/readline/display.c,lib/sh/oslib.c
lib/readline/display.c,lib/termcap/termcap.c
lib/readline/display.c,lib/termcap/tparam.c
lib/readline/display.c,xmalloc.c
lib/readline/emacs_keymap.c,lib/readline/bind.c
lib/readline/emacs_keymap.c,lib/readline/complete.c
lib/readline/emacs_keymap.c,lib/readline/isearch.c
lib/readline/emacs_keymap.c,lib/readline/keymaps.h
lib/readline/emacs_keymap.c,lib/readline/kill.c
lib/readline/emacs_keymap.c,lib/readline/macro.c
lib/readline/emacs_keymap.c,lib/readline/misc.c
lib/readline/emacs_keymap.c,lib/readline/readline.h
lib/readline/emacs_keymap.c,lib/readline/rltypedefs.h
lib/readline/emacs_keymap.c,lib/readline/search.c
lib/readline/emacs_keymap.c,lib/readline/text.c
lib/readline/emacs_keymap.c,lib/readline/undo.c
lib/readline/emacs_keymap.c,lib/readline/util.c
lib/readline/examples/excallback.c,lib/malloc/malloc.c
lib/readline/examples/excallback.c,lib/readline/bind.c
lib/readline/examples/excallback.c,lib/readline/callback.c
lib/readline/examples/excallback.c,lib/readline/chardefs.h
lib/readline/examples/excallback.c,lib/readline/compat.c
lib/readline/examples/excallback.c,lib/readline/complete.c
lib/readline/examples/excallback.c,lib/readline/display.c
lib/readline/examples/excallback.c,lib/readline/funmap.c
lib/readline/examples/excallback.c,lib/readline/histexpand.c
lib/readline/examples/excallback.c,lib/readline/histfile.c
lib/readline/examples/excallback.c,lib/readline/history.c
lib/readline/examples/excallback.c,lib/readline/histsearch.c
lib/readline/examples/excallback.c,lib/readline/input.c
lib/readline/examples/excallback.c,lib/readline/isearch.c
lib/readline/examples/excallback.c,lib/readline/keymaps.c
lib/readline/examples/excallback.c,lib/readline/kill.c
lib/readline/examples/excallback.c,lib/readline/macro.c
lib/readline/examples/excallback.c,lib/readline/mbutil.c
lib/readline/examples/excallback.c,lib/readline/misc.c
lib/readline/examples/excallback.c,lib/readline/nls.c
lib/readline/examples/excallback.c,lib/readline/parens.c
lib/readline/examples/excallback.c,lib/readline/readline.c
lib/readline/examples/excallback.c,lib/readline/readline.h
lib/readline/examples/excallback.c,lib/readline/rltty.c
lib/readline/examples/excallback.c,lib/readline/savestring.c
lib/readline/examples/excallback.c,lib/readline/search.c
lib/readline/examples/excallback.c,lib/readline/shell.c
lib/readline/examples/excallback.c,lib/readline/signals.c
lib/readline/examples/excallback.c,lib/readline/terminal.c
lib/readline/examples/excallback.c,lib/readline/text.c
lib/readline/examples/excallback.c,lib/readline/undo.c
lib/readline/examples/excallback.c,lib/readline/util.c
lib/readline/examples/excallback.c,lib/readline/vi_mode.c
lib/readline/examples/excallback.c,lib/readline/xfree.c
lib/readline/examples/excallback.c,lib/readline/xmalloc.c
lib/readline/examples/excallback.c,termios.h
lib/readline/examples/fileman.c,builtins/mkbuiltins.c
lib/readline/examples/fileman.c,lib/malloc/malloc.c
lib/readline/examples/fileman.c,lib/readline/bind.c
lib/readline/examples/fileman.c,lib/readline/callback.c
lib/readline/examples/fileman.c,lib/readline/compat.c
lib/readline/examples/fileman.c,lib/readline/complete.c
lib/readline/examples/fileman.c,lib/readline/display.c
lib/readline/examples/fileman.c,lib/readline/funmap.c
lib/readline/examples/fileman.c,lib/readline/histexpand.c
lib/readline/examples/fileman.c,lib/readline/histfile.c
lib/readline/examples/fileman.c,lib/readline/history.c
lib/readline/examples/fileman.c,lib/readline/history.h
lib/readline/examples/fileman.c,lib/readline/histsearch.c
lib/readline/examples/fileman.c,lib/readline/input.c
lib/readline/examples/fileman.c,lib/readline/isearch.c
lib/readline/examples/fileman.c,lib/readline/keymaps.c
lib/readline/examples/fileman.c,lib/readline/kill.c
lib/readline/examples/fileman.c,lib/readline/macro.c
lib/readline/examples/fileman.c,lib/readline/mbutil.c
lib/readline/examples/fileman.c,lib/readline/misc.c
lib/readline/examples/fileman.c,lib/readline/nls.c
lib/readline/examples/fileman.c,lib/readline/parens.c
lib/readline/examples/fileman.c,lib/readline/readline.c
lib/readline/examples/fileman.c,lib/readline/readline.h
lib/readline/examples/fileman.c,lib/readline/rltty.c
lib/readline/examples/fileman.c,lib/readline/rltypedefs.h
lib/readline/examples/fileman.c,lib/readline/savestring.c
lib/readline/examples/fileman.c,lib/readline/search.c
lib/readline/examples/fileman.c,lib/readline/shell.c
lib/readline/examples/fileman.c,lib/readline/signals.c
lib/readline/examples/fileman.c,lib/readline/terminal.c
lib/readline/examples/fileman.c,lib/readline/text.c
lib/readline/examples/fileman.c,lib/readline/undo.c
lib/readline/examples/fileman.c,lib/readline/util.c
lib/readline/examples/fileman.c,lib/readline/vi_mode.c
lib/readline/examples/fileman.c,lib/readline/xfree.c
lib/readline/examples/fileman.c,lib/readline/xmalloc.c
lib/readline/examples/fileman.c,lib/sh/getcwd.c
lib/readline/examples/fileman.c,strings.h
lib/readline/examples/fileman.c,xmalloc.c
lib/readline/examples/histexamp.c,lib/malloc/malloc.c
lib/readline/examples/histexamp.c,lib/readline/bind.c
lib/readline/examples/histexamp.c,lib/readline/callback.c
lib/readline/examples/histexamp.c,lib/readline/compat.c
lib/readline/examples/histexamp.c,lib/readline/complete.c
lib/readline/examples/histexamp.c,lib/readline/display.c
lib/readline/examples/histexamp.c,lib/readline/funmap.c
lib/readline/examples/histexamp.c,lib/readline/histexpand.c
lib/readline/examples/histexamp.c,lib/readline/histfile.c
lib/readline/examples/histexamp.c,lib/readline/history.c
lib/readline/examples/histexamp.c,lib/readline/history.h
lib/readline/examples/histexamp.c,lib/readline/histsearch.c
lib/readline/examples/histexamp.c,lib/readline/input.c
lib/readline/examples/histexamp.c,lib/readline/isearch.c
lib/readline/examples/histexamp.c,lib/readline/keymaps.c
lib/readline/examples/histexamp.c,lib/readline/kill.c
lib/readline/examples/histexamp.c,lib/readline/macro.c
lib/readline/examples/histexamp.c,lib/readline/mbutil.c
lib/readline/examples/histexamp.c,lib/readline/misc.c
lib/readline/examples/histexamp.c,lib/readline/nls.c
lib/readline/examples/histexamp.c,lib/readline/parens.c
lib/readline/examples/histexamp.c,lib/readline/readline.c
lib/readline/examples/histexamp.c,lib/readline/rltty.c
lib/readline/examples/histexamp.c,lib/readline/savestring.c
lib/readline/examples/histexamp.c,lib/readline/search.c
lib/readline/examples/histexamp.c,lib/readline/shell.c
lib/readline/examples/histexamp.c,lib/readline/signals.c
lib/readline/examples/histexamp.c,lib/readline/terminal.c
lib/readline/examples/histexamp.c,lib/readline/text.c
lib/readline/examples/histexamp.c,lib/readline/undo.c
lib/readline/examples/histexamp.c,lib/readline/util.c
lib/readline/examples/histexamp.c,lib/readline/vi_mode.c
lib/readline/examples/histexamp.c,lib/readline/xfree.c
lib/readline/examples/histexamp.c,lib/readline/xmalloc.c
lib/readline/examples/histexamp.c,lib/sh/strftime.c
lib/readline/examples/manexamp.c,lib/malloc/malloc.c
lib/readline/examples/manexamp.c,lib/readline/chardefs.h
lib/readline/examples/manexamp.c,lib/readline/history.c
lib/readline/examples/manexamp.c,lib/readline/readline.c
lib/readline/examples/manexamp.c,lib/readline/readline.h
lib/readline/examples/manexamp.c,lib/readline/undo.c
lib/readline/examples/rl.c,lib/readline/bind.c
lib/readline/examples/rl.c,lib/readline/callback.c
lib/readline/examples/rl.c,lib/readline/compat.c
lib/readline/examples/rl.c,lib/readline/complete.c
lib/readline/examples/rl.c,lib/readline/display.c
lib/readline/examples/rl.c,lib/readline/funmap.c
lib/readline/examples/rl.c,lib/readline/histexpand.c
lib/readline/examples/rl.c,lib/readline/histfile.c
lib/readline/examples/rl.c,lib/readline/history.c
lib/readline/examples/rl.c,lib/readline/history.h
lib/readline/examples/rl.c,lib/readline/histsearch.c
lib/readline/examples/rl.c,lib/readline/input.c
lib/readline/examples/rl.c,lib/readline/isearch.c
lib/readline/examples/rl.c,lib/readline/keymaps.c
lib/readline/examples/rl.c,lib/readline/kill.c
lib/readline/examples/rl.c,lib/readline/macro.c
lib/readline/examples/rl.c,lib/readline/mbutil.c
lib/readline/examples/rl.c,lib/readline/misc.c
lib/readline/examples/rl.c,lib/readline/nls.c
lib/readline/examples/rl.c,lib/readline/parens.c
lib/readline/examples/rl.c,lib/readline/readline.c
lib/readline/examples/rl.c,lib/readline/readline.h
lib/readline/examples/rl.c,lib/readline/rltty.c
lib/readline/examples/rl.c,lib/readline/rltypedefs.h
lib/readline/examples/rl.c,lib/readline/savestring.c
lib/readline/examples/rl.c,lib/readline/search.c
lib/readline/examples/rl.c,lib/readline/shell.c
lib/readline/examples/rl.c,lib/readline/signals.c
lib/readline/examples/rl.c,lib/readline/terminal.c
lib/readline/examples/rl.c,lib/readline/text.c
lib/readline/examples/rl.c,lib/readline/undo.c
lib/readline/examples/rl.c,lib/readline/util.c
lib/readline/examples/rl.c,lib/readline/vi_mode.c
lib/readline/examples/rl.c,lib/readline/xfree.c
lib/readline/examples/rl.c,lib/readline/xmalloc.c
lib/readline/examples/rl.c,lib/sh/oslib.c
lib/readline/examples/rlcat.c,lib/readline/bind.c
lib/readline/examples/rlcat.c,lib/readline/callback.c
lib/readline/examples/rlcat.c,lib/readline/compat.c
lib/readline/examples/rlcat.c,lib/readline/complete.c
lib/readline/examples/rlcat.c,lib/readline/display.c
lib/readline/examples/rlcat.c,lib/readline/funmap.c
lib/readline/examples/rlcat.c,lib/readline/histexpand.c
lib/readline/examples/rlcat.c,lib/readline/histfile.c
lib/readline/examples/rlcat.c,lib/readline/history.c
lib/readline/examples/rlcat.c,lib/readline/history.h
lib/readline/examples/rlcat.c,lib/readline/histsearch.c
lib/readline/examples/rlcat.c,lib/readline/input.c
lib/readline/examples/rlcat.c,lib/readline/isearch.c
lib/readline/examples/rlcat.c,lib/readline/keymaps.c
lib/readline/examples/rlcat.c,lib/readline/kill.c
lib/readline/examples/rlcat.c,lib/readline/macro.c
lib/readline/examples/rlcat.c,lib/readline/mbutil.c
lib/readline/examples/rlcat.c,lib/readline/misc.c
lib/readline/examples/rlcat.c,lib/readline/nls.c
lib/readline/examples/rlcat.c,lib/readline/parens.c
lib/readline/examples/rlcat.c,lib/readline/posixstat.h
lib/readline/examples/rlcat.c,lib/readline/readline.c
lib/readline/examples/rlcat.c,lib/readline/readline.h
lib/readline/examples/rlcat.c,lib/readline/rltty.c
lib/readline/examples/rlcat.c,lib/readline/savestring.c
lib/readline/examples/rlcat.c,lib/readline/search.c
lib/readline/examples/rlcat.c,lib/readline/shell.c
lib/readline/examples/rlcat.c,lib/readline/signals.c
lib/readline/examples/rlcat.c,lib/readline/terminal.c
lib/readline/examples/rlcat.c,lib/readline/text.c
lib/readline/examples/rlcat.c,lib/readline/undo.c
lib/readline/examples/rlcat.c,lib/readline/util.c
lib/readline/examples/rlcat.c,lib/readline/vi_mode.c
lib/readline/examples/rlcat.c,lib/readline/xfree.c
lib/readline/examples/rlcat.c,lib/readline/xmalloc.c
lib/readline/examples/rlcat.c,lib/sh/oslib.c
lib/readline/examples/rlcat.c,mksyntax.c
lib/readline/examples/rltest.c,lib/malloc/malloc.c
lib/readline/examples/rltest.c,lib/readline/bind.c
lib/readline/examples/rltest.c,lib/readline/callback.c
lib/readline/examples/rltest.c,lib/readline/compat.c
lib/readline/examples/rltest.c,lib/readline/complete.c
lib/readline/examples/rltest.c,lib/readline/display.c
lib/readline/examples/rltest.c,lib/readline/funmap.c
lib/readline/examples/rltest.c,lib/readline/histexpand.c
lib/readline/examples/rltest.c,lib/readline/histfile.c
lib/readline/examples/rltest.c,lib/readline/history.c
lib/readline/examples/rltest.c,lib/readline/history.h
lib/readline/examples/rltest.c,lib/readline/histsearch.c
lib/readline/examples/rltest.c,lib/readline/input.c
lib/readline/examples/rltest.c,lib/readline/isearch.c
lib/readline/examples/rltest.c,lib/readline/keymaps.c
lib/readline/examples/rltest.c,lib/readline/kill.c
lib/readline/examples/rltest.c,lib/readline/macro.c
lib/readline/examples/rltest.c,lib/readline/mbutil.c
lib/readline/examples/rltest.c,lib/readline/misc.c
lib/readline/examples/rltest.c,lib/readline/nls.c
lib/readline/examples/rltest.c,lib/readline/parens.c
lib/readline/examples/rltest.c,lib/readline/readline.c
lib/readline/examples/rltest.c,lib/readline/readline.h
lib/readline/examples/rltest.c,lib/readline/rltty.c
lib/readline/examples/rltest.c,lib/readline/savestring.c
lib/readline/examples/rltest.c,lib/readline/search.c
lib/readline/examples/rltest.c,lib/readline/shell.c
lib/readline/examples/rltest.c,lib/readline/signals.c
lib/readline/examples/rltest.c,lib/readline/terminal.c
lib/readline/examples/rltest.c,lib/readline/text.c
lib/readline/examples/rltest.c,lib/readline/undo.c
lib/readline/examples/rltest.c,lib/readline/util.c
lib/readline/examples/rltest.c,lib/readline/vi_mode.c
lib/readline/examples/rltest.c,lib/readline/xfree.c
lib/readline/examples/rltest.c,lib/readline/xmalloc.c
lib/readline/funmap.c,lib/readline/ansi_stdlib.h
lib/readline/funmap.c,lib/readline/bind.c
lib/readline/funmap.c,lib/readline/complete.c
lib/readline/funmap.c,lib/readline/isearch.c
lib/readline/funmap.c,lib/readline/kill.c
lib/readline/funmap.c,lib/readline/macro.c
lib/readline/funmap.c,lib/readline/misc.c
lib/readline/funmap.c,lib/readline/readline.h
lib/readline/funmap.c,lib/readline/rlconf.h
lib/readline/funmap.c,lib/readline/rltypedefs.h
lib/readline/funmap.c,lib/readline/search.c
lib/readline/funmap.c,lib/readline/text.c
lib/readline/funmap.c,lib/readline/undo.c
lib/readline/funmap.c,lib/readline/util.c
lib/readline/funmap.c,lib/readline/vi_mode.c
lib/readline/funmap.c,lib/readline/xmalloc.h
lib/readline/funmap.c,xmalloc.c
lib/readline/histexpand.c,builtins/mkbuiltins.c
lib/readline/histexpand.c,lib/malloc/malloc.c
lib/readline/histexpand.c,lib/readline/ansi_stdlib.h
lib/readline/histexpand.c,lib/readline/chardefs.h
lib/readline/histexpand.c,lib/readline/histlib.h
lib/readline/histexpand.c,lib/readline/history.c
lib/readline/histexpand.c,lib/readline/history.h
lib/readline/histexpand.c,lib/readline/histsearch.c
lib/readline/histexpand.c,lib/readline/rlmbutil.h
lib/readline/histexpand.c,lib/readline/rlshell.h
lib/readline/histexpand.c,lib/readline/rltypedefs.h
lib/readline/histexpand.c,lib/readline/xmalloc.h
lib/readline/histexpand.c,lib/sh/oslib.c
lib/readline/histexpand.c,lib/sh/shquote.c
lib/readline/histexpand.c,xmalloc.c
lib/readline/histfile.c,builtins/mkbuiltins.c
lib/readline/histfile.c,lib/malloc/malloc.c
lib/readline/histfile.c,lib/readline/ansi_stdlib.h
lib/readline/histfile.c,lib/readline/histexpand.c
lib/readline/histfile.c,lib/readline/histlib.h
lib/readline/histfile.c,lib/readline/history.c
lib/readline/histfile.c,lib/readline/history.h
lib/readline/histfile.c,lib/readline/posixstat.h
lib/readline/histfile.c,lib/readline/rlshell.h
lib/readline/histfile.c,lib/readline/xmalloc.h
lib/readline/histfile.c,variables.c
lib/readline/histfile.c,xmalloc.c
lib/readline/histlib.h,strings.h
lib/readline/history.c,builtins/mkbuiltins.c
lib/readline/history.c,lib/malloc/malloc.c
lib/readline/history.c,lib/readline/ansi_stdlib.h
lib/readline/history.c,lib/readline/histexpand.c
lib/readline/history.c,lib/readline/histlib.h
lib/readline/history.c,lib/readline/history.h
lib/readline/history.c,lib/readline/xmalloc.h
lib/readline/history.c,xmalloc.c
lib/readline/history.h,lib/readline/bind.c
lib/readline/history.h,lib/readline/callback.c
lib/readline/history.h,lib/readline/compat.c
lib/readline/history.h,lib/readline/complete.c
lib/readline/history.h,lib/readline/display.c
lib/readline/history.h,lib/readline/funmap.c
lib/readline/history.h,lib/readline/histexpand.c
lib/readline/history.h,lib/readline/histfile.c
lib/readline/history.h,lib/readline/history.c
lib/readline/history.h,lib/readline/histsearch.c
lib/readline/history.h,lib/readline/input.c
lib/readline/history.h,lib/readline/isearch.c
lib/readline/history.h,lib/readline/keymaps.c
lib/readline/history.h,lib/readline/kill.c
lib/readline/history.h,lib/readline/macro.c
lib/readline/history.h,lib/readline/mbutil.c
lib/readline/history.h,lib/readline/misc.c
lib/readline/history.h,lib/readline/nls.c
lib/readline/history.h,lib/readline/parens.c
lib/readline/history.h,lib/readline/readline.c
lib/readline/history.h,lib/readline/rlstdc.h
lib/readline/history.h,lib/readline/rltty.c
lib/readline/history.h,lib/readline/rltypedefs.h
lib/readline/history.h,lib/readline/savestring.c
lib/readline/history.h,lib/readline/search.c
lib/readline/history.h,lib/readline/shell.c
lib/readline/history.h,lib/readline/signals.c
lib/readline/history.h,lib/readline/terminal.c
lib/readline/history.h,lib/readline/text.c
lib/readline/history.h,lib/readline/undo.c
lib/readline/history.h,lib/readline/util.c
lib/readline/history.h,lib/readline/vi_mode.c
lib/readline/history.h,lib/readline/xfree.c
lib/readline/history.h,lib/readline/xmalloc.c
lib/readline/histsearch.c,lib/readline/ansi_stdlib.h
lib/readline/histsearch.c,lib/readline/histlib.h
lib/readline/histsearch.c,lib/readline/history.c
lib/readline/histsearch.c,lib/readline/history.h
lib/readline/input.c,include/filecntl.h
lib/readline/input.c,lib/readline/ansi_stdlib.h
lib/readline/input.c,lib/readline/chardefs.h
lib/readline/input.c,lib/readline/keymaps.h
lib/readline/input.c,lib/readline/macro.c
lib/readline/input.c,lib/readline/posixselect.h
lib/readline/input.c,lib/readline/readline.c
lib/readline/input.c,lib/readline/readline.h
lib/readline/input.c,lib/readline/rldefs.h
lib/readline/input.c,lib/readline/rlmbutil.h
lib/readline/input.c,lib/readline/rlprivate.h
lib/readline/input.c,lib/readline/rlshell.h
lib/readline/input.c,lib/readline/rltypedefs.h
lib/readline/input.c,lib/readline/shell.c
lib/readline/input.c,lib/readline/signals.c
lib/readline/input.c,lib/readline/text.c
lib/readline/input.c,lib/readline/xmalloc.h
lib/readline/input.c,xmalloc.c
lib/readline/isearch.c,lib/malloc/malloc.c
lib/readline/isearch.c,lib/readline/ansi_stdlib.h
lib/readline/isearch.c,lib/readline/chardefs.h
lib/readline/isearch.c,lib/readline/display.c
lib/readline/isearch.c,lib/readline/history.c
lib/readline/isearch.c,lib/readline/history.h
lib/readline/isearch.c,lib/readline/input.c
lib/readline/isearch.c,lib/readline/keymaps.h
lib/readline/isearch.c,lib/readline/kill.c
lib/readline/isearch.c,lib/readline/misc.c
lib/readline/isearch.c,lib/readline/readline.c
lib/readline/isearch.c,lib/readline/readline.h
lib/readline/isearch.c,lib/readline/rlconf.h
lib/readline/isearch.c,lib/readline/rldefs.h
lib/readline/isearch.c,lib/readline/rlmbutil.h
lib/readline/isearch.c,lib/readline/rlprivate.h
lib/readline/isearch.c,lib/readline/rltypedefs.h
lib/readline/isearch.c,lib/readline/terminal.c
lib/readline/isearch.c,lib/readline/text.c
lib/readline/isearch.c,lib/readline/util.c
lib/readline/isearch.c,lib/readline/xmalloc.h
lib/readline/isearch.c,lib/sh/oslib.c
lib/readline/isearch.c,xmalloc.c
lib/readline/keymaps.c,lib/readline/ansi_stdlib.h
lib/readline/keymaps.c,lib/readline/chardefs.h
lib/readline/keymaps.c,lib/readline/emacs_keymap.c
lib/readline/keymaps.c,lib/readline/keymaps.h
lib/readline/keymaps.c,lib/readline/readline.h
lib/readline/keymaps.c,lib/readline/rlconf.h
lib/readline/keymaps.c,lib/readline/rltypedefs.h
lib/readline/keymaps.c,lib/readline/text.c
lib/readline/keymaps.c,lib/readline/vi_keymap.c
lib/readline/keymaps.c,lib/readline/xmalloc.h
lib/readline/keymaps.c,xmalloc.c
lib/readline/keymaps.h,lib/readline/bind.c
lib/readline/keymaps.h,lib/readline/callback.c
lib/readline/keymaps.h,lib/readline/chardefs.h
lib/readline/keymaps.h,lib/readline/compat.c
lib/readline/keymaps.h,lib/readline/complete.c
lib/readline/keymaps.h,lib/readline/display.c
lib/readline/keymaps.h,lib/readline/funmap.c
lib/readline/keymaps.h,lib/readline/histexpand.c
lib/readline/keymaps.h,lib/readline/histfile.c
lib/readline/keymaps.h,lib/readline/history.c
lib/readline/keymaps.h,lib/readline/histsearch.c
lib/readline/keymaps.h,lib/readline/input.c
lib/readline/keymaps.h,lib/readline/isearch.c
lib/readline/keymaps.h,lib/readline/keymaps.c
lib/readline/keymaps.h,lib/readline/kill.c
lib/readline/keymaps.h,lib/readline/macro.c
lib/readline/keymaps.h,lib/readline/mbutil.c
lib/readline/keymaps.h,lib/readline/misc.c
lib/readline/keymaps.h,lib/readline/nls.c
lib/readline/keymaps.h,lib/readline/parens.c
lib/readline/keymaps.h,lib/readline/readline.c
lib/readline/keymaps.h,lib/readline/rlstdc.h
lib/readline/keymaps.h,lib/readline/rltty.c
lib/readline/keymaps.h,lib/readline/rltypedefs.h
lib/readline/keymaps.h,lib/readline/savestring.c
lib/readline/keymaps.h,lib/readline/search.c
lib/readline/keymaps.h,lib/readline/shell.c
lib/readline/keymaps.h,lib/readline/signals.c
lib/readline/keymaps.h,lib/readline/terminal.c
lib/readline/keymaps.h,lib/readline/text.c
lib/readline/keymaps.h,lib/readline/undo.c
lib/readline/keymaps.h,lib/readline/util.c
lib/readline/keymaps.h,lib/readline/vi_mode.c
lib/readline/keymaps.h,lib/readline/xfree.c
lib/readline/keymaps.h,lib/readline/xmalloc.c
lib/readline/kill.c,builtins/mkbuiltins.c
lib/readline/kill.c,lib/malloc/malloc.c
lib/readline/kill.c,lib/readline/ansi_stdlib.h
lib/readline/kill.c,lib/readline/histexpand.c
lib/readline/kill.c,lib/readline/history.c
lib/readline/kill.c,lib/readline/history.h
lib/readline/kill.c,lib/readline/readline.c
lib/readline/kill.c,lib/readline/readline.h
lib/readline/kill.c,lib/readline/rlconf.h
lib/readline/kill.c,lib/readline/rldefs.h
lib/readline/kill.c,lib/readline/rlprivate.h
lib/readline/kill.c,lib/readline/terminal.c
lib/readline/kill.c,lib/readline/text.c
lib/readline/kill.c,lib/readline/undo.c
lib/readline/kill.c,lib/readline/util.c
lib/readline/kill.c,lib/readline/vi_mode.c
lib/readline/kill.c,lib/readline/xmalloc.h
lib/readline/kill.c,xmalloc.c
lib/readline/macro.c,lib/malloc/malloc.c
lib/readline/macro.c,lib/readline/ansi_stdlib.h
lib/readline/macro.c,lib/readline/history.h
lib/readline/macro.c,lib/readline/readline.c
lib/readline/macro.c,lib/readline/readline.h
lib/readline/macro.c,lib/readline/rlconf.h
lib/readline/macro.c,lib/readline/rldefs.h
lib/readline/macro.c,lib/readline/rlprivate.h
lib/readline/macro.c,lib/readline/terminal.c
lib/readline/macro.c,lib/readline/util.c
lib/readline/macro.c,lib/readline/xmalloc.h
lib/readline/macro.c,xmalloc.c
lib/readline/mbutil.c,lib/readline/ansi_stdlib.h
lib/readline/mbutil.c,lib/readline/posixjmp.h
lib/readline/mbutil.c,lib/readline/readline.h
lib/readline/mbutil.c,lib/readline/rldefs.h
lib/readline/mbutil.c,lib/readline/rlmbutil.h
lib/readline/mbutil.c,lib/readline/rlprivate.h
lib/readline/mbutil.c,lib/readline/xmalloc.h
lib/readline/misc.c,lib/malloc/malloc.c
lib/readline/misc.c,lib/readline/ansi_stdlib.h
lib/readline/misc.c,lib/readline/chardefs.h
lib/readline/misc.c,lib/readline/display.c
lib/readline/misc.c,lib/readline/emacs_keymap.c
lib/readline/misc.c,lib/readline/history.c
lib/readline/misc.c,lib/readline/history.h
lib/readline/misc.c,lib/readline/input.c
lib/readline/misc.c,lib/readline/keymaps.h
lib/readline/misc.c,lib/readline/readline.c
lib/readline/misc.c,lib/readline/readline.h
lib/readline/misc.c,lib/readline/rlconf.h
lib/readline/misc.c,lib/readline/rldefs.h
lib/readline/misc.c,lib/readline/rlmbutil.h
lib/readline/misc.c,lib/readline/rlprivate.h
lib/readline/misc.c,lib/readline/rlshell.h
lib/readline/misc.c,lib/readline/terminal.c
lib/readline/misc.c,lib/readline/text.c
lib/readline/misc.c,lib/readline/undo.c
lib/readline/misc.c,lib/readline/util.c
lib/readline/misc.c,lib/readline/vi_keymap.c
lib/readline/misc.c,lib/readline/vi_mode.c
lib/readline/misc.c,lib/readline/xmalloc.h
lib/readline/misc.c,xmalloc.c
lib/readline/nls.c,lib/malloc/malloc.c
lib/readline/nls.c,lib/readline/ansi_stdlib.h
lib/readline/nls.c,lib/readline/chardefs.h
lib/readline/nls.c,lib/readline/readline.c
lib/readline/nls.c,lib/readline/readline.h
lib/readline/nls.c,lib/readline/rldefs.h
lib/readline/nls.c,lib/readline/rlprivate.h
lib/readline/nls.c,lib/readline/rlshell.h
lib/readline/nls.c,variables.c
lib/readline/nls.c,xmalloc.c
lib/readline/parens.c,lib/readline/bind.c
lib/readline/parens.c,lib/readline/complete.c
lib/readline/parens.c,lib/readline/emacs_keymap.c
lib/readline/parens.c,lib/readline/posixselect.h
lib/readline/parens.c,lib/readline/readline.c
lib/readline/parens.c,lib/readline/readline.h
lib/readline/parens.c,lib/readline/rlconf.h
lib/readline/parens.c,lib/readline/rlprivate.h
lib/readline/parens.c,lib/readline/text.c
lib/readline/parens.c,lib/sh/oslib.c
lib/readline/parens.c,strings.h
lib/readline/readline.c,lib/malloc/malloc.c
lib/readline/readline.c,lib/readline/ansi_stdlib.h
lib/readline/readline.c,lib/readline/bind.c
lib/readline/readline.c,lib/readline/chardefs.h
lib/readline/readline.c,lib/readline/complete.c
lib/readline/readline.c,lib/readline/display.c
lib/readline/readline.c,lib/readline/emacs_keymap.c
lib/readline/readline.c,lib/readline/funmap.c
lib/readline/readline.c,lib/readline/history.c
lib/readline/readline.c,lib/readline/history.h
lib/readline/readline.c,lib/readline/input.c
lib/readline/readline.c,lib/readline/keymaps.h
lib/readline/readline.c,lib/readline/macro.c
lib/readline/readline.c,lib/readline/misc.c
lib/readline/readline.c,lib/readline/nls.c
lib/readline/readline.c,lib/readline/posixjmp.h
lib/readline/readline.c,lib/readline/posixstat.h
lib/readline/readline.c,lib/readline/readline.h
lib/readline/readline.c,lib/readline/rlconf.h
lib/readline/readline.c,lib/readline/rldefs.h
lib/readline/readline.c,lib/readline/rlmbutil.h
lib/readline/readline.c,lib/readline/rlprivate.h
lib/readline/readline.c,lib/readline/rlshell.h
lib/readline/readline.c,lib/readline/rltty.c
lib/readline/readline.c,lib/readline/rltypedefs.h
lib/readline/readline.c,lib/readline/signals.c
lib/readline/readline.c,lib/readline/terminal.c
lib/readline/readline.c,lib/readline/text.c
lib/readline/readline.c,lib/readline/undo.c
lib/readline/readline.c,lib/readline/util.c
lib/readline/readline.c,lib/readline/vi_keymap.c
lib/readline/readline.c,lib/readline/vi_mode.c
lib/readline/readline.c,lib/readline/xmalloc.h
lib/readline/readline.c,variables.c
lib/readline/readline.c,xmalloc.c
lib/readline/readline.h,lib/readline/bind.c
lib/readline/readline.h,lib/readline/callback.c
lib/readline/readline.h,lib/readline/compat.c
lib/readline/readline.h,lib/readline/complete.c
lib/readline/readline.h,lib/readline/display.c
lib/readline/readline.h,lib/readline/funmap.c
lib/readline/readline.h,lib/readline/histexpand.c
lib/readline/readline.h,lib/readline/histfile.c
lib/readline/readline.h,lib/readline/history.c
lib/readline/readline.h,lib/readline/histsearch.c
lib/readline/readline.h,lib/readline/input.c
lib/readline/readline.h,lib/readline/isearch.c
lib/readline/readline.h,lib/readline/keymaps.c
lib/readline/readline.h,lib/readline/keymaps.h
lib/readline/readline.h,lib/readline/kill.c
lib/readline/readline.h,lib/readline/macro.c
lib/readline/readline.h,lib/readline/mbutil.c
lib/readline/readline.h,lib/readline/misc.c
lib/readline/readline.h,lib/readline/nls.c
lib/readline/readline.h,lib/readline/parens.c
lib/readline/readline.h,lib/readline/readline.c
lib/readline/readline.h,lib/readline/rlstdc.h
lib/readline/readline.h,lib/readline/rltty.c
lib/readline/readline.h,lib/readline/rltypedefs.h
lib/readline/readline.h,lib/readline/savestring.c
lib/readline/readline.h,lib/readline/search.c
lib/readline/readline.h,lib/readline/shell.c
lib/readline/readline.h,lib/readline/signals.c
lib/readline/readline.h,lib/readline/terminal.c
lib/readline/readline.h,lib/readline/text.c
lib/readline/readline.h,lib/readline/tilde.h
lib/readline/readline.h,lib/readline/undo.c
lib/readline/readline.h,lib/readline/util.c
lib/readline/readline.h,lib/readline/vi_mode.c
lib/readline/readline.h,lib/readline/xfree.c
lib/readline/readline.h,lib/readline/xmalloc.c
lib/readline/rldefs.h,config-bot.h
lib/readline/rldefs.h,lib/intl/os2compat.h
lib/readline/rldefs.h,lib/readline/posixstat.h
lib/readline/rldefs.h,lib/readline/rlconf.h
lib/readline/rldefs.h,lib/readline/rlstdc.h
lib/readline/rldefs.h,strings.h
lib/readline/rlmbutil.h,lib/readline/rlstdc.h
lib/readline/rlprivate.h,lib/readline/keymaps.h
lib/readline/rlprivate.h,lib/readline/posixjmp.h
lib/readline/rlprivate.h,lib/readline/readline.h
lib/readline/rlprivate.h,lib/readline/rlconf.h
lib/readline/rlprivate.h,lib/readline/rldefs.h
lib/readline/rlprivate.h,lib/readline/rlstdc.h
lib/readline/rlshell.h,lib/readline/rlstdc.h
lib/readline/rlstdc.h,include/stdc.h
lib/readline/rltty.c,lib/readline/keymaps.h
lib/readline/rltty.c,lib/readline/kill.c
lib/readline/rltty.c,lib/readline/readline.c
lib/readline/rltty.c,lib/readline/readline.h
lib/readline/rltty.c,lib/readline/rlconf.h
lib/readline/rltty.c,lib/readline/rldefs.h
lib/readline/rltty.c,lib/readline/rlprivate.h
lib/readline/rltty.c,lib/readline/rltty.h
lib/readline/rltty.c,lib/readline/rltypedefs.h
lib/readline/rltty.c,lib/readline/signals.c
lib/readline/rltty.c,lib/readline/terminal.c
lib/readline/rltty.c,lib/readline/text.c
lib/readline/rltty.c,lib/readline/vi_keymap.c
lib/readline/rltty.h,lib/readline/rldefs.h
lib/readline/rltty.h,lib/readline/rlwinsize.h
lib/readline/rltty.h,sgtty.h
lib/readline/savestring.c,config.h
lib/readline/savestring.c,lib/readline/xmalloc.h
lib/readline/savestring.c,xmalloc.c
lib/readline/search.c,lib/malloc/malloc.c
lib/readline/search.c,lib/readline/ansi_stdlib.h
lib/readline/search.c,lib/readline/chardefs.h
lib/readline/search.c,lib/readline/display.c
lib/readline/search.c,lib/readline/history.c
lib/readline/search.c,lib/readline/history.h
lib/readline/search.c,lib/readline/histsearch.c
lib/readline/search.c,lib/readline/isearch.c
lib/readline/search.c,lib/readline/kill.c
lib/readline/search.c,lib/readline/misc.c
lib/readline/search.c,lib/readline/readline.c
lib/readline/search.c,lib/readline/readline.h
lib/readline/search.c,lib/readline/rlconf.h
lib/readline/search.c,lib/readline/rldefs.h
lib/readline/search.c,lib/readline/rlmbutil.h
lib/readline/search.c,lib/readline/rlprivate.h
lib/readline/search.c,lib/readline/terminal.c
lib/readline/search.c,lib/readline/text.c
lib/readline/search.c,lib/readline/undo.c
lib/readline/search.c,lib/readline/xmalloc.h
lib/readline/search.c,xmalloc.c
lib/readline/shell.c,lib/readline/ansi_stdlib.h
lib/readline/shell.c,lib/readline/rlshell.h
lib/readline/shell.c,lib/readline/rlstdc.h
lib/readline/shell.c,lib/readline/xmalloc.h
lib/readline/shell.c,strings.h
lib/readline/shell.c,xmalloc.c
lib/readline/signals.c,lib/readline/chardefs.h
lib/readline/signals.c,lib/readline/complete.c
lib/readline/signals.c,lib/readline/display.c
lib/readline/signals.c,lib/readline/history.c
lib/readline/signals.c,lib/readline/history.h
lib/readline/signals.c,lib/readline/input.c
lib/readline/signals.c,lib/readline/macro.c
lib/readline/signals.c,lib/readline/misc.c
lib/readline/signals.c,lib/readline/readline.c
lib/readline/signals.c,lib/readline/readline.h
lib/readline/signals.c,lib/readline/rlconf.h
lib/readline/signals.c,lib/readline/rldefs.h
lib/readline/signals.c,lib/readline/rlprivate.h
lib/readline/signals.c,lib/readline/rltty.c
lib/readline/signals.c,lib/readline/terminal.c
lib/readline/signals.c,lib/readline/undo.c
lib/readline/signals.c,nojobs.c
lib/readline/terminal.c,lib/malloc/malloc.c
lib/readline/terminal.c,lib/readline/ansi_stdlib.h
lib/readline/terminal.c,lib/readline/bind.c
lib/readline/terminal.c,lib/readline/display.c
lib/readline/terminal.c,lib/readline/emacs_keymap.c
lib/readline/terminal.c,lib/readline/history.h
lib/readline/terminal.c,lib/readline/keymaps.h
lib/readline/terminal.c,lib/readline/misc.c
lib/readline/terminal.c,lib/readline/posixstat.h
lib/readline/terminal.c,lib/readline/readline.c
lib/readline/terminal.c,lib/readline/readline.h
lib/readline/terminal.c,lib/readline/rlconf.h
lib/readline/terminal.c,lib/readline/rldefs.h
lib/readline/terminal.c,lib/readline/rlprivate.h
lib/readline/terminal.c,lib/readline/rlshell.h
lib/readline/terminal.c,lib/readline/rltty.h
lib/readline/terminal.c,lib/readline/tcap.h
lib/readline/terminal.c,lib/readline/text.c
lib/readline/terminal.c,lib/readline/vi_keymap.c
lib/readline/terminal.c,lib/readline/xmalloc.h
lib/readline/terminal.c,lib/termcap/termcap.c
lib/readline/terminal.c,variables.c
lib/readline/terminal.c,xmalloc.c
lib/readline/text.c,builtins/mkbuiltins.c
lib/readline/text.c,lib/readline/ansi_stdlib.h
lib/readline/text.c,lib/readline/callback.c
lib/readline/text.c,lib/readline/chardefs.h
lib/readline/text.c,lib/readline/complete.c
lib/readline/text.c,lib/readline/display.c
lib/readline/text.c,lib/readline/history.h
lib/readline/text.c,lib/readline/input.c
lib/readline/text.c,lib/readline/kill.c
lib/readline/text.c,lib/readline/mbutil.c
lib/readline/text.c,lib/readline/misc.c
lib/readline/text.c,lib/readline/readline.c
lib/readline/text.c,lib/readline/readline.h
lib/readline/text.c,lib/readline/rlconf.h
lib/readline/text.c,lib/readline/rldefs.h
lib/readline/text.c,lib/readline/rlmbutil.h
lib/readline/text.c,lib/readline/rlprivate.h
lib/readline/text.c,lib/readline/rlshell.h
lib/readline/text.c,lib/readline/rltty.c
lib/readline/text.c,lib/readline/terminal.c
lib/readline/text.c,lib/readline/undo.c
lib/readline/text.c,lib/readline/util.c
lib/readline/text.c,lib/readline/vi_keymap.c
lib/readline/text.c,lib/readline/vi_mode.c
lib/readline/text.c,lib/readline/xmalloc.h
lib/readline/text.c,xmalloc.c
lib/readline/tilde.c,lib/readline/ansi_stdlib.h
lib/readline/tilde.c,lib/readline/tilde.h
lib/readline/tilde.c,lib/readline/xmalloc.h
lib/readline/tilde.c,lib/sh/oslib.c
lib/readline/tilde.c,strings.h
lib/readline/tilde.c,variables.c
lib/readline/tilde.c,xmalloc.c
lib/readline/undo.c,lib/readline/ansi_stdlib.h
lib/readline/undo.c,lib/readline/history.c
lib/readline/undo.c,lib/readline/history.h
lib/readline/undo.c,lib/readline/readline.c
lib/readline/undo.c,lib/readline/readline.h
lib/readline/undo.c,lib/readline/rlconf.h
lib/readline/undo.c,lib/readline/rldefs.h
lib/readline/undo.c,lib/readline/rlprivate.h
lib/readline/undo.c,lib/readline/terminal.c
lib/readline/undo.c,lib/readline/text.c
lib/readline/undo.c,lib/readline/util.c
lib/readline/undo.c,lib/readline/xmalloc.h
lib/readline/undo.c,xmalloc.c
lib/readline/util.c,builtins/mkbuiltins.c
lib/readline/util.c,lib/intl/os2compat.h
lib/readline/util.c,lib/malloc/malloc.c
lib/readline/util.c,lib/readline/ansi_stdlib.h
lib/readline/util.c,lib/readline/chardefs.h
lib/readline/util.c,lib/readline/display.c
lib/readline/util.c,lib/readline/input.c
lib/readline/util.c,lib/readline/macro.c
lib/readline/util.c,lib/readline/misc.c
lib/readline/util.c,lib/readline/posixjmp.h
lib/readline/util.c,lib/readline/readline.c
lib/readline/util.c,lib/readline/readline.h
lib/readline/util.c,lib/readline/rldefs.h
lib/readline/util.c,lib/readline/rlmbutil.h
lib/readline/util.c,lib/readline/rlprivate.h
lib/readline/util.c,lib/readline/rltypedefs.h
lib/readline/util.c,lib/readline/terminal.c
lib/readline/util.c,lib/readline/text.c
lib/readline/util.c,lib/readline/xmalloc.h
lib/readline/util.c,lib/sh/oslib.c
lib/readline/util.c,lib/tilde/tilde.c
lib/readline/util.c,xmalloc.c
lib/readline/vi_keymap.c,lib/readline/complete.c
lib/readline/vi_keymap.c,lib/readline/isearch.c
lib/readline/vi_keymap.c,lib/readline/keymaps.h
lib/readline/vi_keymap.c,lib/readline/kill.c
lib/readline/vi_keymap.c,lib/readline/misc.c
lib/readline/vi_keymap.c,lib/readline/readline.h
lib/readline/vi_keymap.c,lib/readline/rltypedefs.h
lib/readline/vi_keymap.c,lib/readline/text.c
lib/readline/vi_keymap.c,lib/readline/undo.c
lib/readline/vi_keymap.c,lib/readline/util.c
lib/readline/vi_keymap.c,lib/readline/vi_mode.c
lib/readline/vi_mode.c,builtins/mkbuiltins.c
lib/readline/vi_mode.c,lib/readline/ansi_stdlib.h
lib/readline/vi_mode.c,lib/readline/callback.c
lib/readline/vi_mode.c,lib/readline/chardefs.h
lib/readline/vi_mode.c,lib/readline/complete.c
lib/readline/vi_mode.c,lib/readline/display.c
lib/readline/vi_mode.c,lib/readline/history.c
lib/readline/vi_mode.c,lib/readline/history.h
lib/readline/vi_mode.c,lib/readline/input.c
lib/readline/vi_mode.c,lib/readline/keymaps.c
lib/readline/vi_mode.c,lib/readline/keymaps.h
lib/readline/vi_mode.c,lib/readline/kill.c
lib/readline/vi_mode.c,lib/readline/mbutil.c
lib/readline/vi_mode.c,lib/readline/misc.c
lib/readline/vi_mode.c,lib/readline/readline.c
lib/readline/vi_mode.c,lib/readline/readline.h
lib/readline/vi_mode.c,lib/readline/rlconf.h
lib/readline/vi_mode.c,lib/readline/rldefs.h
lib/readline/vi_mode.c,lib/readline/rlmbutil.h
lib/readline/vi_mode.c,lib/readline/rlprivate.h
lib/readline/vi_mode.c,lib/readline/search.c
lib/readline/vi_mode.c,lib/readline/terminal.c
lib/readline/vi_mode.c,lib/readline/text.c
lib/readline/vi_mode.c,lib/readline/undo.c
lib/readline/vi_mode.c,lib/readline/util.c
lib/readline/vi_mode.c,lib/readline/vi_keymap.c
lib/readline/vi_mode.c,lib/readline/xmalloc.h
lib/readline/vi_mode.c,lib/sh/oslib.c
lib/readline/vi_mode.c,xmalloc.c
lib/readline/xfree.c,lib/malloc/malloc.c
lib/readline/xfree.c,lib/readline/ansi_stdlib.h
lib/readline/xfree.c,lib/readline/xmalloc.h
lib/readline/xmalloc.c,lib/malloc/malloc.c
lib/readline/xmalloc.c,lib/readline/ansi_stdlib.h
lib/readline/xmalloc.c,lib/readline/xmalloc.h
lib/readline/xmalloc.h,lib/readline/bind.c
lib/readline/xmalloc.h,lib/readline/callback.c
lib/readline/xmalloc.h,lib/readline/compat.c
lib/readline/xmalloc.h,lib/readline/complete.c
lib/readline/xmalloc.h,lib/readline/display.c
lib/readline/xmalloc.h,lib/readline/funmap.c
lib/readline/xmalloc.h,lib/readline/histexpand.c
lib/readline/xmalloc.h,lib/readline/histfile.c
lib/readline/xmalloc.h,lib/readline/history.c
lib/readline/xmalloc.h,lib/readline/histsearch.c
lib/readline/xmalloc.h,lib/readline/input.c
lib/readline/xmalloc.h,lib/readline/isearch.c
lib/readline/xmalloc.h,lib/readline/keymaps.c
lib/readline/xmalloc.h,lib/readline/kill.c
lib/readline/xmalloc.h,lib/readline/macro.c
lib/readline/xmalloc.h,lib/readline/mbutil.c
lib/readline/xmalloc.h,lib/readline/misc.c
lib/readline/xmalloc.h,lib/readline/nls.c
lib/readline/xmalloc.h,lib/readline/parens.c
lib/readline/xmalloc.h,lib/readline/readline.c
lib/readline/xmalloc.h,lib/readline/rlstdc.h
lib/readline/xmalloc.h,lib/readline/rltty.c
lib/readline/xmalloc.h,lib/readline/savestring.c
lib/readline/xmalloc.h,lib/readline/search.c
lib/readline/xmalloc.h,lib/readline/shell.c
lib/readline/xmalloc.h,lib/readline/signals.c
lib/readline/xmalloc.h,lib/readline/terminal.c
lib/readline/xmalloc.h,lib/readline/text.c
lib/readline/xmalloc.h,lib/readline/undo.c
lib/readline/xmalloc.h,lib/readline/util.c
lib/readline/xmalloc.h,lib/readline/vi_mode.c
lib/readline/xmalloc.h,lib/readline/xfree.c
lib/readline/xmalloc.h,lib/readline/xmalloc.c
lib/sh/casemod.c,bashansi.h
lib/sh/casemod.c,bashintl.h
lib/sh/casemod.c,bashtypes.h
lib/sh/casemod.c,include/chartypes.h
lib/sh/casemod.c,include/shmbutil.h
lib/sh/casemod.c,include/stdc.h
lib/sh/casemod.c,lib/glob/strmatch.c
lib/sh/casemod.c,lib/glob/strmatch.h
lib/sh/casemod.c,lib/malloc/malloc.c
lib/sh/casemod.c,lib/readline/xmalloc.h
lib/sh/casemod.c,stringlib.c
lib/sh/casemod.c,xmalloc.c
lib/sh/clktck.c,bashtypes.h
lib/sh/clktck.c,config.h
lib/sh/clktck.c,sys/param.h
lib/sh/clock.c,config.h
lib/sh/dprintf.c,include/stdc.h
lib/sh/eaccess.c,bashansi.h
lib/sh/eaccess.c,bashtypes.h
lib/sh/eaccess.c,general.h
lib/sh/eaccess.c,include/filecntl.h
lib/sh/eaccess.c,lib/readline/posixstat.h
lib/sh/eaccess.c,shell.c
lib/sh/eaccess.c,shell.h
lib/sh/fmtullong.c,config.h
lib/sh/fmtulong.c,bashansi.h
lib/sh/fmtulong.c,bashintl.h
lib/sh/fmtulong.c,include/chartypes.h
lib/sh/fmtulong.c,include/gettext.h
lib/sh/fmtulong.c,include/stdc.h
lib/sh/fmtulong.c,include/typemax.h
lib/sh/fmtumax.c,config.h
lib/sh/fmtumax.c,lib/sh/fmtulong.c
lib/sh/fnxform.c,bashansi.h
lib/sh/fnxform.c,bashintl.h
lib/sh/fnxform.c,bashtypes.h
lib/sh/fnxform.c,config.h
lib/sh/fnxform.c,include/stdc.h
lib/sh/fnxform.c,lib/readline/xmalloc.h
lib/sh/fpurge.c,config.h
lib/sh/fpurge.c,include/stdc.h
lib/sh/getcwd.c,bashansi.h
lib/sh/getcwd.c,bashtypes.h
lib/sh/getcwd.c,config.h
lib/sh/getcwd.c,include/maxpath.h
lib/sh/getcwd.c,include/memalloc.h
lib/sh/getcwd.c,lib/glob/ndir.h
lib/sh/getcwd.c,lib/malloc/alloca.c
lib/sh/getcwd.c,lib/malloc/malloc.c
lib/sh/getcwd.c,lib/readline/posixdir.h
lib/sh/getcwd.c,lib/readline/posixstat.h
lib/sh/getcwd.c,lib/readline/xmalloc.h
lib/sh/getenv.c,config.h
lib/sh/inet_aton.c,config.h
lib/sh/input_avail.c,bashansi.h
lib/sh/input_avail.c,include/filecntl.h
lib/sh/input_avail.c,lib/readline/posixselect.h
lib/sh/itos.c,bashansi.h
lib/sh/itos.c,externs.h
lib/sh/itos.c,general.h
lib/sh/itos.c,shell.h
lib/sh/mailstat.c,bashansi.h
lib/sh/mailstat.c,bashtypes.h
lib/sh/mailstat.c,config.h
lib/sh/mailstat.c,include/maxpath.h
lib/sh/mailstat.c,lib/glob/ndir.h
lib/sh/mailstat.c,lib/readline/posixdir.h
lib/sh/mailstat.c,lib/readline/posixstat.h
lib/sh/mailstat.c,sys/param.h
lib/sh/makepath.c,bashansi.h
lib/sh/makepath.c,builtins/common.c
lib/sh/makepath.c,config.h
lib/sh/makepath.c,externs.h
lib/sh/makepath.c,general.c
lib/sh/makepath.c,lib/malloc/malloc.c
lib/sh/makepath.c,lib/tilde/tilde.h
lib/sh/makepath.c,shell.h
lib/sh/makepath.c,variables.c
lib/sh/makepath.c,xmalloc.c
lib/sh/mbscasecmp.c,config.h
lib/sh/mbschr.c,bashansi.h
lib/sh/mbschr.c,config.h
lib/sh/mbschr.c,include/shmbutil.h
lib/sh/mbschr.c,lib/sh/oslib.c
lib/sh/mbscmp.c,config.h
lib/sh/mktime.c,bashansi.h
lib/sh/netconn.c,bashtypes.h
lib/sh/netconn.c,config.h
lib/sh/netconn.c,include/filecntl.h
lib/sh/netconn.c,lib/readline/posixstat.h
lib/sh/netopen.c,config.h
lib/sh/netopen.c,error.c
lib/sh/oslib.c,bashansi.h
lib/sh/oslib.c,bashtypes.h
lib/sh/oslib.c,config.h
lib/sh/oslib.c,general.h
lib/sh/oslib.c,include/chartypes.h
lib/sh/oslib.c,include/filecntl.h
lib/sh/oslib.c,lib/glob/glob.c
lib/sh/oslib.c,lib/readline/posixstat.h
lib/sh/oslib.c,shell.h
lib/sh/oslib.c,sys/param.h
lib/sh/pathcanon.c,bashansi.h
lib/sh/pathcanon.c,bashtypes.h
lib/sh/pathcanon.c,config.h
lib/sh/pathcanon.c,externs.h
lib/sh/pathcanon.c,general.h
lib/sh/pathcanon.c,include/chartypes.h
lib/sh/pathcanon.c,include/filecntl.h
lib/sh/pathcanon.c,lib/malloc/malloc.c
lib/sh/pathcanon.c,lib/readline/posixstat.h
lib/sh/pathcanon.c,shell.h
lib/sh/pathcanon.c,sys/param.h
lib/sh/pathcanon.c,xmalloc.c
lib/sh/pathphys.c,bashansi.h
lib/sh/pathphys.c,bashtypes.h
lib/sh/pathphys.c,builtins/common.c
lib/sh/pathphys.c,config.h
lib/sh/pathphys.c,general.h
lib/sh/pathphys.c,include/chartypes.h
lib/sh/pathphys.c,include/filecntl.h
lib/sh/pathphys.c,lib/malloc/malloc.c
lib/sh/pathphys.c,lib/readline/posixstat.h
lib/sh/pathphys.c,lib/sh/makepath.c
lib/sh/pathphys.c,shell.h
lib/sh/pathphys.c,sys/param.h
lib/sh/pathphys.c,xmalloc.c
lib/sh/rename.c,bashtypes.h
lib/sh/rename.c,config.h
lib/sh/rename.c,include/stdc.h
lib/sh/rename.c,lib/readline/posixstat.h
lib/sh/setlinebuf.c,config.h
lib/sh/setlinebuf.c,lib/readline/xmalloc.h
lib/sh/shmbchar.c,config.h
lib/sh/shquote.c,config.h
lib/sh/shquote.c,lib/readline/xmalloc.h
lib/sh/shquote.c,syntax.h
lib/sh/shquote.c,xmalloc.c
lib/sh/shtty.c,include/shtty.h
lib/sh/snprintf.c,bashansi.h
lib/sh/snprintf.c,bashtypes.h
lib/sh/snprintf.c,externs.h
lib/sh/snprintf.c,general.h
lib/sh/snprintf.c,include/chartypes.h
lib/sh/snprintf.c,include/shmbutil.h
lib/sh/snprintf.c,include/stdc.h
lib/sh/snprintf.c,include/typemax.h
lib/sh/snprintf.c,lib/malloc/malloc.c
lib/sh/snprintf.c,lib/readline/xmalloc.h
lib/sh/snprintf.c,lib/sh/fmtulong.c
lib/sh/snprintf.c,shell.h
lib/sh/snprintf.c,xmalloc.c
lib/sh/spell.c,bashansi.h
lib/sh/spell.c,bashtypes.h
lib/sh/spell.c,config.h
lib/sh/spell.c,include/maxpath.h
lib/sh/spell.c,include/stdc.h
lib/sh/spell.c,lib/glob/ndir.h
lib/sh/spell.c,lib/malloc/malloc.c
lib/sh/spell.c,lib/readline/posixdir.h
lib/sh/spell.c,lib/readline/posixstat.h
lib/sh/spell.c,sys/param.h
lib/sh/strcasecmp.c,bashansi.h
lib/sh/strcasecmp.c,config.h
lib/sh/strcasecmp.c,include/chartypes.h
lib/sh/strcasecmp.c,include/stdc.h
lib/sh/strcasecmp.c,lib/intl/os2compat.h
lib/sh/strcasestr.c,bashansi.h
lib/sh/strcasestr.c,config.h
lib/sh/strcasestr.c,include/chartypes.h
lib/sh/strcasestr.c,include/stdc.h
lib/sh/strcasestr.c,lib/sh/strcasecmp.c
lib/sh/strchrnul.c,config.h
lib/sh/strerror.c,bashtypes.h
lib/sh/strerror.c,config.h
lib/sh/strerror.c,lib/malloc/malloc.c
lib/sh/strerror.c,shell.h
lib/sh/strerror.c,sys/param.h
lib/sh/strftime.c,config.h
lib/sh/strftime.c,lib/malloc/malloc.c
lib/sh/strftime.c,lib/sh/oslib.c
lib/sh/stringlist.c,bashansi.h
lib/sh/stringlist.c,command.h
lib/sh/stringlist.c,config.h
lib/sh/stringlist.c,externs.h
lib/sh/stringlist.c,general.h
lib/sh/stringlist.c,lib/malloc/malloc.c
lib/sh/stringlist.c,lib/sh/stringvec.c
lib/sh/stringlist.c,list.c
lib/sh/stringlist.c,shell.h
lib/sh/stringlist.c,xmalloc.c
lib/sh/stringvec.c,bashansi.h
lib/sh/stringvec.c,bashtypes.h
lib/sh/stringvec.c,command.h
lib/sh/stringvec.c,config.h
lib/sh/stringvec.c,general.h
lib/sh/stringvec.c,include/chartypes.h
lib/sh/stringvec.c,lib/malloc/malloc.c
lib/sh/stringvec.c,list.c
lib/sh/stringvec.c,make_cmd.c
lib/sh/stringvec.c,shell.h
lib/sh/stringvec.c,xmalloc.c
lib/sh/strnlen.c,include/stdc.h
lib/sh/strpbrk.c,include/stdc.h
lib/sh/strtod.c,bashansi.h
lib/sh/strtod.c,include/chartypes.h
lib/sh/strtod.c,lib/sh/strtol.c
lib/sh/strtoimax.c,include/stdc.h
lib/sh/strtol.c,bashansi.h
lib/sh/strtol.c,config.h
lib/sh/strtol.c,include/chartypes.h
lib/sh/strtol.c,include/stdc.h
lib/sh/strtol.c,include/typemax.h
lib/sh/strtoll.c,config.h
lib/sh/strtoul.c,config.h
lib/sh/strtoul.c,lib/sh/strtol.c
lib/sh/strtoull.c,config.h
lib/sh/strtoumax.c,include/stdc.h
lib/sh/strtrans.c,bashansi.h
lib/sh/strtrans.c,config.h
lib/sh/strtrans.c,examples/loadables/mkdir.c
lib/sh/strtrans.c,include/chartypes.h
lib/sh/strtrans.c,lib/malloc/malloc.c
lib/sh/strtrans.c,shell.h
lib/sh/strtrans.c,xmalloc.c
lib/sh/times.c,config.h
lib/sh/times.c,include/posixtime.h
lib/sh/times.c,include/systimes.h
lib/sh/times.c,lib/sh/clktck.c
lib/sh/timeval.c,config.h
lib/sh/tmpfile.c,bashtypes.h
lib/sh/tmpfile.c,config.h
lib/sh/tmpfile.c,externs.h
lib/sh/tmpfile.c,general.c
lib/sh/tmpfile.c,include/filecntl.h
lib/sh/tmpfile.c,include/posixtime.h
lib/sh/tmpfile.c,lib/malloc/malloc.c
lib/sh/tmpfile.c,lib/readline/histfile.c
lib/sh/tmpfile.c,lib/readline/posixstat.h
lib/sh/tmpfile.c,shell.h
lib/sh/tmpfile.c,variables.c
lib/sh/tmpfile.c,xmalloc.c
lib/sh/uconvert.c,bashtypes.h
lib/sh/uconvert.c,config.h
lib/sh/uconvert.c,include/chartypes.h
lib/sh/uconvert.c,shell.h
lib/sh/ufuncs.c,bashtypes.h
lib/sh/ufuncs.c,config.h
lib/sh/unicode.c,config.h
lib/sh/vprint.c,config.h
lib/sh/wcsdup.c,config.h
lib/sh/wcswidth.c,config.h
lib/sh/winsize.c,bashtypes.h
lib/sh/winsize.c,config.h
lib/sh/winsize.c,include/stdc.h
lib/sh/winsize.c,sys/ioctl.h
lib/sh/zcatfd.c,config.h
lib/sh/zcatfd.c,include/stdc.h
lib/sh/zgetline.c,config.h
lib/sh/zgetline.c,lib/readline/xmalloc.h
lib/sh/zgetline.c,xmalloc.c
lib/sh/zmapfd.c,bashansi.h
lib/sh/zmapfd.c,command.h
lib/sh/zmapfd.c,config.h
lib/sh/zmapfd.c,general.h
lib/sh/zmapfd.c,lib/malloc/malloc.c
lib/sh/zmapfd.c,xmalloc.c
lib/sh/zread.c,config.h
lib/sh/zwrite.c,config.h
lib/termcap/termcap.c,lib/glob/glob.c
lib/termcap/termcap.c,lib/malloc/malloc.c
lib/termcap/termcap.c,lib/sh/oslib.c
lib/termcap/termcap.c,lib/termcap/ltcap.h
lib/termcap/tparam.c,lib/malloc/malloc.c
lib/termcap/tparam.c,lib/sh/oslib.c
lib/termcap/tparam.c,lib/termcap/ltcap.h
lib/tilde/shell.c,lib/readline/ansi_stdlib.h
lib/tilde/shell.c,pwd.h
lib/tilde/shell.c,strings.h
lib/tilde/tilde.c,lib/readline/ansi_stdlib.h
lib/tilde/tilde.c,lib/readline/xmalloc.h
lib/tilde/tilde.c,lib/sh/oslib.c
lib/tilde/tilde.c,lib/tilde/tilde.h
lib/tilde/tilde.c,strings.h
lib/tilde/tilde.c,variables.c
lib/tilde/tilde.c,xmalloc.c
list.c,config.h
list.c,general.h
list.c,shell.h
locale.c,bashansi.h
locale.c,bashintl.h
locale.c,bashtypes.h
locale.c,config.h
locale.c,error.c
locale.c,general.h
locale.c,include/chartypes.h
locale.c,include/gettext.h
locale.c,input.h
locale.c,lib/malloc/malloc.c
locale.c,lib/sh/mbschr.c
locale.c,mksyntax.c
locale.c,shell.c
locale.c,shell.h
locale.c,syntax.h
locale.c,variables.c
locale.c,xmalloc.c
locale.c,y.tab.c
mailcheck.c,bashansi.h
mailcheck.c,bashintl.h
mailcheck.c,bashtypes.h
mailcheck.c,config.h
mailcheck.c,execute_cmd.h
mailcheck.c,general.c
mailcheck.c,general.h
mailcheck.c,include/gettext.h
mailcheck.c,include/posixstat.h
mailcheck.c,include/posixtime.h
mailcheck.c,lib/malloc/malloc.c
mailcheck.c,lib/sh/mailstat.c
mailcheck.c,lib/tilde/tilde.h
mailcheck.c,mailcheck.h
mailcheck.c,shell.c
mailcheck.c,shell.h
mailcheck.c,subst.c
mailcheck.c,subst.h
mailcheck.c,sys/param.h
mailcheck.c,variables.c
mailcheck.c,xmalloc.c
make_cmd.c,bashansi.h
make_cmd.c,bashintl.h
make_cmd.c,bashtypes.h
make_cmd.c,command.h
make_cmd.c,config.h
make_cmd.c,dispose_cmd.c
make_cmd.c,dispose_cmd.h
make_cmd.c,error.c
make_cmd.c,error.h
make_cmd.c,execute_cmd.c
make_cmd.c,externs.h
make_cmd.c,flags.c
make_cmd.c,flags.h
make_cmd.c,general.h
make_cmd.c,include/filecntl.h
make_cmd.c,include/gettext.h
make_cmd.c,include/ocache.h
make_cmd.c,include/shmbutil.h
make_cmd.c,input.h
make_cmd.c,lib/malloc/malloc.c
make_cmd.c,list.c
make_cmd.c,make_cmd.h
make_cmd.c,parser.h
make_cmd.c,subst.c
make_cmd.c,subst.h
make_cmd.c,syntax.h
make_cmd.c,variables.h
make_cmd.c,xmalloc.c
make_cmd.c,y.tab.c
make_cmd.h,include/stdc.h
mksyntax.c,bashansi.h
mksyntax.c,bashtypes.h
mksyntax.c,config.h
mksyntax.c,include/chartypes.h
mksyntax.c,lib/sh/oslib.c
mksyntax.c,syntax.h
mksyntax.c,sys/param.h
nojobs.c,bashintl.h
nojobs.c,bashtypes.h
nojobs.c,builtins/builtext.h
nojobs.c,command.h
nojobs.c,config-top.h
nojobs.c,config.h
nojobs.c,error.c
nojobs.c,execute_cmd.c
nojobs.c,execute_cmd.h
nojobs.c,include/filecntl.h
nojobs.c,include/gettext.h
nojobs.c,include/posixjmp.h
nojobs.c,include/posixwait.h
nojobs.c,include/shtty.h
nojobs.c,include/unionwait.h
nojobs.c,jobs.h
nojobs.c,lib/malloc/malloc.c
nojobs.c,lib/sh/oslib.c
nojobs.c,lib/sh/shtty.c
nojobs.c,lib/sh/winsize.c
nojobs.c,quit.h
nojobs.c,shell.c
nojobs.c,shell.h
nojobs.c,sig.c
nojobs.c,sig.h
nojobs.c,siglist.c
nojobs.c,trap.c
nojobs.c,xmalloc.c
parser.h,command.h
parser.h,input.h
pathexp.c,bashansi.h
pathexp.c,bashintl.h
pathexp.c,bashtypes.h
pathexp.c,config.h
pathexp.c,flags.h
pathexp.c,general.h
pathexp.c,include/shmbutil.h
pathexp.c,include/stdc.h
pathexp.c,lib/glob/glob.c
pathexp.c,lib/glob/glob.h
pathexp.c,lib/glob/strmatch.c
pathexp.c,lib/glob/strmatch.h
pathexp.c,lib/malloc/malloc.c
pathexp.c,lib/sh/stringvec.c
pathexp.c,pathexp.h
pathexp.c,shell.h
pathexp.c,stringlib.c
pathexp.c,subst.c
pathexp.c,subst.h
pathexp.c,variables.c
pathexp.c,xmalloc.c
pcomplete.c,config.h
pcomplete.h,hashlib.h
pcomplete.h,include/stdc.h
pcomplib.c,config.h
print_cmd.c,bashansi.h
print_cmd.c,bashintl.h
print_cmd.c,builtins/common.h
print_cmd.c,command.h
print_cmd.c,config.h
print_cmd.c,copy_cmd.c
print_cmd.c,dispose_cmd.c
print_cmd.c,error.c
print_cmd.c,externs.h
print_cmd.c,flags.c
print_cmd.c,flags.h
print_cmd.c,general.c
print_cmd.c,general.h
print_cmd.c,include/gettext.h
print_cmd.c,include/shmbutil.h
print_cmd.c,include/stdc.h
print_cmd.c,lib/malloc/malloc.c
print_cmd.c,lib/sh/shquote.c
print_cmd.c,lib/sh/strtrans.c
print_cmd.c,shell.c
print_cmd.c,shell.h
print_cmd.c,subst.c
print_cmd.c,unwind_prot.c
print_cmd.c,variables.c
print_cmd.c,xmalloc.c
print_cmd.c,y.tab.c
print_cmd.c,y.tab.h
quit.h,include/stdc.h
redir.c,bashansi.h
redir.c,bashintl.h
redir.c,bashtypes.h
redir.c,command.h
redir.c,config-top.h
redir.c,config.h
redir.c,copy_cmd.c
redir.c,dispose_cmd.c
redir.c,error.c
redir.c,execute_cmd.c
redir.c,execute_cmd.h
redir.c,externs.h
redir.c,flags.c
redir.c,flags.h
redir.c,general.c
redir.c,general.h
redir.c,include/filecntl.h
redir.c,include/gettext.h
redir.c,include/memalloc.h
redir.c,include/posixstat.h
redir.c,lib/malloc/alloca.c
redir.c,lib/malloc/malloc.c
redir.c,lib/readline/histfile.c
redir.c,lib/sh/fpurge.c
redir.c,lib/sh/oslib.c
redir.c,lib/sh/tmpfile.c
redir.c,make_cmd.c
redir.c,mksyntax.c
redir.c,print_cmd.c
redir.c,redir.h
redir.c,shell.c
redir.c,shell.h
redir.c,stringlib.c
redir.c,subst.c
redir.c,subst.h
redir.c,variables.c
redir.c,variables.h
redir.c,xmalloc.c
redir.h,include/stdc.h
shell.c,bashansi.h
shell.c,bashintl.h
shell.c,bashjmp.h
shell.c,bashtypes.h
shell.c,builtins.h
shell.c,builtins/common.c
shell.c,builtins/common.h
shell.c,builtins/evalfile.c
shell.c,command.h
shell.c,config-top.h
shell.c,config.h
shell.c,conftypes.h
shell.c,dispose_cmd.c
shell.c,error.c
shell.c,eval.c
shell.c,execute_cmd.c
shell.c,execute_cmd.h
shell.c,findcmd.c
shell.c,findcmd.h
shell.c,flags.c
shell.c,flags.h
shell.c,general.c
shell.c,general.h
shell.c,include/filecntl.h
shell.c,include/gettext.h
shell.c,include/posixjmp.h
shell.c,include/posixstat.h
shell.c,include/posixtime.h
shell.c,include/stdc.h
shell.c,input.h
shell.c,lib/glob/strmatch.h
shell.c,lib/malloc/malloc.c
shell.c,lib/readline/shell.c
shell.c,lib/sh/netconn.c
shell.c,lib/sh/oslib.c
shell.c,lib/sh/setlinebuf.c
shell.c,lib/sh/strstr.c
shell.c,lib/tilde/tilde.h
shell.c,list.c
shell.c,locale.c
shell.c,mailcheck.c
shell.c,mailcheck.h
shell.c,make_cmd.c
shell.c,nojobs.c
shell.c,print_cmd.c
shell.c,pwd.h
shell.c,shell.h
shell.c,sig.c
shell.c,subst.c
shell.c,subst.h
shell.c,trap.c
shell.c,trap.h
shell.c,variables.c
shell.c,version.c
shell.c,xmalloc.c
shell.c,y.tab.c
shell.h,arrayfunc.h
shell.h,bashjmp.h
shell.h,command.h
shell.h,dispose_cmd.h
shell.h,error.h
shell.h,externs.h
shell.h,general.h
shell.h,include/maxpath.h
shell.h,include/ocache.h
shell.h,make_cmd.h
shell.h,pathnames.h
shell.h,quit.h
shell.h,sig.h
shell.h,subst.h
shell.h,syntax.h
shell.h,unwind_prot.h
shell.h,variables.h
sig.c,bashintl.h
sig.c,bashjmp.h
sig.c,bashtypes.h
sig.c,builtins/common.h
sig.c,builtins/evalstring.c
sig.c,config.h
sig.c,execute_cmd.c
sig.c,include/posixjmp.h
sig.c,include/stdc.h
sig.c,nojobs.c
sig.c,quit.h
sig.c,shell.c
sig.c,shell.h
sig.c,sig.h
sig.c,siglist.c
sig.c,siglist.h
sig.c,trap.c
sig.c,trap.h
sig.c,unwind_prot.c
sig.c,y.tab.c
sig.h,include/stdc.h
siglist.c,bashintl.h
siglist.c,bashtypes.h
siglist.c,config.h
siglist.c,include/gettext.h
siglist.c,siglist.h
siglist.c,xmalloc.c
siglist.c,xmalloc.h
stringlib.c,bashansi.h
stringlib.c,bashtypes.h
stringlib.c,builtins/mkbuiltins.c
stringlib.c,config.h
stringlib.c,general.h
stringlib.c,include/chartypes.h
stringlib.c,lib/glob/glob.c
stringlib.c,lib/glob/glob.h
stringlib.c,lib/malloc/malloc.c
stringlib.c,lib/sh/oslib.c
stringlib.c,pathexp.c
stringlib.c,pathexp.h
stringlib.c,shell.h
stringlib.c,xmalloc.c
subst.c,array.h
subst.c,bashansi.h
subst.c,bashintl.h
subst.c,bashjmp.h
subst.c,bashtypes.h
subst.c,builtins/builtext.h
subst.c,builtins/common.c
subst.c,builtins/common.h
subst.c,builtins/evalfile.c
subst.c,builtins/evalstring.c
subst.c,builtins/getopt.h
subst.c,command.h
subst.c,config.h
subst.c,copy_cmd.c
subst.c,dispose_cmd.c
subst.c,error.c
subst.c,execute_cmd.c
subst.c,execute_cmd.h
subst.c,externs.h
subst.c,flags.c
subst.c,flags.h
subst.c,general.c
subst.c,general.h
subst.c,include/chartypes.h
subst.c,include/filecntl.h
subst.c,include/gettext.h
subst.c,include/posixstat.h
subst.c,include/shmbutil.h
subst.c,include/stdc.h
subst.c,include/typemax.h
subst.c,jobs.h
subst.c,lib/glob/glob.c
subst.c,lib/glob/gmisc.c
subst.c,lib/glob/strmatch.c
subst.c,lib/glob/strmatch.h
subst.c,lib/malloc/malloc.c
subst.c,lib/sh/casemod.c
subst.c,lib/sh/mbschr.c
subst.c,lib/sh/oslib.c
subst.c,lib/sh/stringvec.c
subst.c,lib/tilde/tilde.h
subst.c,list.c
subst.c,mailcheck.h
subst.c,make_cmd.c
subst.c,make_cmd.h
subst.c,nojobs.c
subst.c,parser.h
subst.c,pathexp.c
subst.c,pathexp.h
subst.c,print_cmd.c
subst.c,redir.c
subst.c,shell.c
subst.c,shell.h
subst.c,sig.c
subst.c,stringlib.c
subst.c,subst.h
subst.c,syntax.h
subst.c,trap.c
subst.c,trap.h
subst.c,variables.c
subst.c,variables.h
subst.c,version.c
subst.c,xmalloc.c
subst.c,y.tab.c
subst.h,include/stdc.h
subst.h,shell.h
subst.h,syntax.h
support/bashversion.c,bashansi.h
support/bashversion.c,config.h
support/bashversion.c,conftypes.h
support/bashversion.c,include/stdc.h
support/bashversion.c,lib/sh/oslib.c
support/bashversion.c,version.c
support/bashversion.c,version.h
support/man2html.c,lib/malloc/malloc.c
support/man2html.c,lib/sh/oslib.c
support/man2html.c,lib/sh/strftime.c
support/man2html.c,lib/sh/strstr.c
support/man2html.c,sys/time.h
support/mksignames.c,config.h
support/mksignames.c,include/ansi_stdlib.h
support/mksignames.c,support/signames.c
support/printenv.c,bashansi.h
support/recho.c,bashansi.h
support/signames.c,config.h
support/signames.c,include/ansi_stdlib.h
support/signames.c,lib/malloc/malloc.c
support/xcase.c,bashansi.h
support/xcase.c,mksyntax.c
support/zecho.c,bashansi.h
test.c,bashintl.h
test.c,bashtypes.h
test.c,builtins/common.c
test.c,builtins/common.h
test.c,execute_cmd.c
test.c,general.c
test.c,general.h
test.c,include/filecntl.h
test.c,include/gettext.h
test.c,include/posixjmp.h
test.c,include/posixstat.h
test.c,include/stdc.h
test.c,lib/glob/strmatch.c
test.c,lib/glob/strmatch.h
test.c,lib/sh/eaccess.c
test.c,pathexp.h
test.c,shell.h
test.c,sys/param.h
test.c,test.h
test.c,variables.c
test.c,variables.h
test.c,version.c
test.h,include/stdc.h
trap.c,bashansi.h
trap.c,bashintl.h
trap.c,bashjmp.h
trap.c,bashtypes.h
trap.c,builtins.h
trap.c,builtins/builtext.h
trap.c,builtins/common.h
trap.c,builtins/evalstring.c
trap.c,command.h
trap.c,config.h
trap.c,error.c
trap.c,execute_cmd.c
trap.c,flags.c
trap.c,flags.h
trap.c,general.h
trap.c,include/gettext.h
trap.c,include/posixjmp.h
trap.c,input.h
trap.c,jobs.h
trap.c,lib/malloc/malloc.c
trap.c,nojobs.c
trap.c,quit.h
trap.c,shell.c
trap.c,shell.h
trap.c,sig.c
trap.c,sig.h
trap.c,signames.h
trap.c,stringlib.c
trap.c,subst.c
trap.c,support/signames.c
trap.c,trap.h
trap.c,xmalloc.c
trap.c,y.tab.c
trap.h,include/stdc.h
unwind_prot.c,bashansi.h
unwind_prot.c,bashtypes.h
unwind_prot.c,command.h
unwind_prot.c,config.h
unwind_prot.c,error.c
unwind_prot.c,error.h
unwind_prot.c,general.h
unwind_prot.c,include/stdc.h
unwind_prot.c,lib/malloc/malloc.c
unwind_prot.c,quit.h
unwind_prot.c,sig.c
unwind_prot.c,sig.h
unwind_prot.c,unwind_prot.h
unwind_prot.c,xmalloc.c
variables.c,alias.h
variables.c,array.h
variables.c,bashansi.h
variables.c,bashintl.h
variables.c,bashjmp.h
variables.c,bashtypes.h
variables.c,builtins/common.c
variables.c,builtins/common.h
variables.c,builtins/evalstring.c
variables.c,builtins/getopt.c
variables.c,builtins/getopt.h
variables.c,command.h
variables.c,config.h
variables.c,conftypes.h
variables.c,copy_cmd.c
variables.c,dispose_cmd.c
variables.c,error.c
variables.c,execute_cmd.c
variables.c,execute_cmd.h
variables.c,externs.h
variables.c,findcmd.c
variables.c,findcmd.h
variables.c,flags.c
variables.c,flags.h
variables.c,general.c
variables.c,general.h
variables.c,hashcmd.c
variables.c,hashcmd.h
variables.c,hashlib.c
variables.c,hashlib.h
variables.c,include/chartypes.h
variables.c,include/gettext.h
variables.c,include/posixstat.h
variables.c,include/posixtime.h
variables.c,include/stdc.h
variables.c,input.h
variables.c,lib/malloc/malloc.c
variables.c,lib/sh/pathcanon.c
variables.c,lib/sh/shquote.c
variables.c,lib/sh/stringvec.c
variables.c,lib/sh/strtol.c
variables.c,lib/sh/strtrans.c
variables.c,lib/tilde/tilde.h
variables.c,locale.c
variables.c,mailcheck.c
variables.c,mailcheck.h
variables.c,pathexp.c
variables.c,pathexp.h
variables.c,print_cmd.c
variables.c,redir.c
variables.c,shell.c
variables.c,shell.h
variables.c,sig.c
variables.c,subst.c
variables.c,subst.h
variables.c,variables.h
variables.c,version.c
variables.c,xmalloc.c
variables.c,y.tab.c
variables.h,array.h
variables.h,assoc.h
variables.h,command.h
variables.h,conftypes.h
variables.h,hashlib.h
variables.h,include/stdc.h
version.c,bashintl.h
version.c,config.h
version.c,conftypes.h
version.c,include/gettext.h
version.c,include/stdc.h
version.c,patchlevel.h
version.c,version.h
xmalloc.c,bashintl.h
xmalloc.c,bashtypes.h
xmalloc.c,error.c
xmalloc.c,error.h
xmalloc.c,include/ansi_stdlib.h
xmalloc.c,include/gettext.h
xmalloc.c,lib/malloc/malloc.c
xmalloc.h,bashansi.h
xmalloc.h,include/stdc.h
y.tab.c,bashansi.h
y.tab.c,bashintl.h
y.tab.c,bashjmp.h
y.tab.c,bashtypes.h
y.tab.c,builtins.h
y.tab.c,builtins/builtext.h
y.tab.c,builtins/common.c
y.tab.c,builtins/common.h
y.tab.c,builtins/evalstring.c
y.tab.c,builtins/mkbuiltins.c
y.tab.c,command.h
y.tab.c,config-top.h
y.tab.c,config.h
y.tab.c,dispose_cmd.c
y.tab.c,error.c
y.tab.c,execute_cmd.c
y.tab.c,flags.c
y.tab.c,flags.h
y.tab.c,general.c
y.tab.c,general.h
y.tab.c,include/chartypes.h
y.tab.c,include/filecntl.h
y.tab.c,include/gettext.h
y.tab.c,include/memalloc.h
y.tab.c,include/shmbutil.h
y.tab.c,include/stdc.h
y.tab.c,input.c
y.tab.c,input.h
y.tab.c,lib/malloc/malloc.c
y.tab.c,lib/sh/mbschr.c
y.tab.c,lib/sh/oslib.c
y.tab.c,lib/sh/shquote.c
y.tab.c,lib/sh/strtrans.c
y.tab.c,lib/sh/winsize.c
y.tab.c,list.c
y.tab.c,locale.c
y.tab.c,mailcheck.c
y.tab.c,mailcheck.h
y.tab.c,make_cmd.c
y.tab.c,make_cmd.h
y.tab.c,nojobs.c
y.tab.c,parser.h
y.tab.c,quit.h
y.tab.c,shell.c
y.tab.c,shell.h
y.tab.c,sig.c
y.tab.c,stringlib.c
y.tab.c,subst.c
y.tab.c,subst.h
y.tab.c,syntax.h
y.tab.c,test.h
y.tab.c,trap.h
y.tab.c,variables.c
y.tab.c,version.c
y.tab.c,xmalloc.c
y.tab.h,command.h
